Robert Garrett,1Password,,,Robert‚Äôs MacBook Pro,Mac,/Applications/1Password.app,Identified Developer,,com.1password.1password,8.10.82.349290,"Developer ID Application: AgileBits Inc. (2BUA8C4S2C), Developer ID Certification Authority, Apple Root CA",8.10.82
Robert Garrett,1Password Browser Helper,,,Robert‚Äôs MacBook Pro,Mac,/Applications/1Password.app/Contents/Library/LoginItems/1Password Browser Helper.app,Identified Developer,,2BUA8C4S2C.com.1password.browser-helper,8.10.82,"Developer ID Application: AgileBits Inc. (2BUA8C4S2C), Developer ID Certification Authority, Apple Root CA",8.10.82
Robert Garrett,1Password for Safari,,,Robert‚Äôs MacBook Pro,Mac,/Applications/1Password for Safari.app,Mac App Store,,com.1password.safari,81082029,"Apple Mac OS Application Signing, Apple Worldwide Developer Relations Certification Authority, Apple Root CA",8.10.82
Robert Garrett,1Password Helper,,,Robert‚Äôs MacBook Pro,Mac,/Applications/1Password.app/Contents/Frameworks/1Password Helper.app,Identified Developer,,com.1password.1password.helper,8.10.82.349290,"Developer ID Application: AgileBits Inc. (2BUA8C4S2C), Developer ID Certification Authority, Apple Root CA",
Robert Garrett,1Password Helper (GPU),,,Robert‚Äôs MacBook Pro,Mac,/Applications/1Password.app/Contents/Frameworks/1Password Helper (GPU).app,Identified Developer,,com.1password.1password.helper.GPU,8.10.82.349290,"Developer ID Application: AgileBits Inc. (2BUA8C4S2C), Developer ID Certification Authority, Apple Root CA",
Robert Garrett,1Password Helper (Plugin),,,Robert‚Äôs MacBook Pro,Mac,/Applications/1Password.app/Contents/Frameworks/1Password Helper (Plugin).app,Identified Developer,,com.1password.1password.helper.Plugin,8.10.82.349290,"Developer ID Application: AgileBits Inc. (2BUA8C4S2C), Developer ID Certification Authority, Apple Root CA",
Robert Garrett,1Password Helper (Renderer),,,Robert‚Äôs MacBook Pro,Mac,/Applications/1Password.app/Contents/Frameworks/1Password Helper (Renderer).app,Identified Developer,,com.1password.1password.helper.Renderer,8.10.82.349290,"Developer ID Application: AgileBits Inc. (2BUA8C4S2C), Developer ID Certification Authority, Apple Root CA",
Robert Garrett,1Password Installer,,,Robert‚Äôs MacBook Pro,Mac,/Users/rg/Downloads/1Password Installer.app,Identified Developer,,com.1password.1password-installer,81036049,"Developer ID Application: AgileBits Inc. (2BUA8C4S2C), Developer ID Certification Authority, Apple Root CA",8.10.36
Robert Garrett,1Password Launcher,,,Robert‚Äôs MacBook Pro,Mac,/Applications/1Password.app/Contents/Library/LoginItems/1Password Launcher.app,Identified Developer,,com.1password.1password-launcher,1,"Developer ID Application: AgileBits Inc. (2BUA8C4S2C), Developer ID Certification Authority, Apple Root CA",1
Robert Garrett,1Password Updater,,,Robert‚Äôs MacBook Pro,Mac,/Applications/1Password.app/Contents/XPCServices/OP Updater Service.xpc/Contents/Helpers/1Password Updater.app,Identified Developer,,com.1password.OP-Updater,81082029,"Developer ID Application: AgileBits Inc. (2BUA8C4S2C), Developer ID Certification Authority, Apple Root CA",8.10.82
Robert Garrett,Accessibility Inspector,,,Robert‚Äôs MacBook Pro,Mac,/Applications/Xcode.app/Contents/Applications/Accessibility Inspector.app,Apple,,com.apple.AccessibilityInspector,165.1,"Software Signing, Apple Code Signing Certification Authority, Apple Root CA",5
Robert Garrett,Activity Monitor,,,Robert‚Äôs MacBook Pro,Mac,/System/Applications/Utilities/Activity Monitor.app,Apple,,com.apple.ActivityMonitor,1040,"Software Signing, Apple Code Signing Certification Authority, Apple Root CA",10.14
Robert Garrett,AirPort Utility,,,Robert‚Äôs MacBook Pro,Mac,/System/Applications/Utilities/AirPort Utility.app,Apple,,com.apple.airport.airportutility,639.26,"Software Signing, Apple Code Signing Certification Authority, Apple Root CA",6.3.9
Robert Garrett,AirScanLegacyDiscovery,,,Robert‚Äôs MacBook Pro,Mac,/Library/Image Capture/Support/LegacyDeviceDiscoveryHelpers/AirScanLegacyDiscovery.app,Apple,,com.apple.print.AirScanLegacyDiscovery,2.3.1,"Software Signing, Apple Code Signing Certification Authority, Apple Root CA",607
Robert Garrett,Amazon Kindle,,,Robert‚Äôs MacBook Pro,Mac,/Applications/Amazon Kindle.app,Mac App Store,,com.amazon.Lassen,1.381962.10,"Apple Mac OS Application Signing, Apple Worldwide Developer Relations Certification Authority, Apple Root CA",7.36
Robert Garrett,Antares Central,,,Robert‚Äôs MacBook Pro,Mac,/Applications/Antares Audio Technologies/Antares Central.app,Identified Developer,,com.antarestech.antares-central,1.6.0,"Developer ID Application: Antares Audio Technologies, LLC (EWQDQRUXQ8), Developer ID Certification Authority, Apple Root CA",1.6.0
Robert Garrett,Antares Central Services,,,Robert‚Äôs MacBook Pro,Mac,/Applications/Antares Audio Technologies/Antares Central.app/Contents/MacOS/Antares Central Services.app,Identified Developer,,com.antarestech.antares-central,1.6.0,"Developer ID Application: Antares Audio Technologies, LLC (EWQDQRUXQ8), Developer ID Certification Authority, Apple Root CA",1.6.0
Robert Garrett,App Store,,,Robert‚Äôs MacBook Pro,Mac,/System/Applications/App Store.app,Apple,,com.apple.AppStore,1010.5.4,"Software Signing, Apple Code Signing Certification Authority, Apple Root CA",3
Robert Garrett,AppleMobileDeviceHelper,,,Robert‚Äôs MacBook Pro,Mac,/Library/Apple/System/Library/PrivateFrameworks/MobileDevice.framework/Versions/A/AppleMobileDeviceHelper.app,Apple,,com.apple.SyncServices.AppleMobileDeviceHelper,932,"Software Signing, Apple Code Signing Certification Authority, Apple Root CA",5
Robert Garrett,AppleMobileSync,,,Robert‚Äôs MacBook Pro,Mac,/Library/Apple/System/Library/PrivateFrameworks/MobileDevice.framework/Versions/A/AppleMobileSync.app,Apple,,com.apple.SyncServices.AppleMobileSync,932,"Software Signing, Apple Code Signing Certification Authority, Apple Root CA",5
Robert Garrett,Arc,,,Robert‚Äôs MacBook Pro,Mac,/Applications/Arc.app,Identified Developer,,company.thebrowser.Browser,61725,"Developer ID Application: The Browser Company of New York Inc. (S6N382Y83G), Developer ID Certification Authority, Apple Root CA",1.91.0
Robert Garrett,Assistant,,,Robert‚Äôs MacBook Pro,Mac,/opt/homebrew/Cellar/qt@5/5.15.16_2/libexec/Assistant.app,,,org.qt-project.assistant,,,
Robert Garrett,Audio MIDI Setup,,,Robert‚Äôs MacBook Pro,Mac,/System/Applications/Utilities/Audio MIDI Setup.app,Apple,,com.apple.audio.AudioMIDISetup,3.6,"Software Signing, Apple Code Signing Certification Authority, Apple Root CA",3.6
Robert Garrett,Auto-Tune Central,,,Robert‚Äôs MacBook Pro,Mac,/Applications/Auto-Tune Central.app,Identified Developer,,com.Antares.AutoTuneCentral,1.5.0.3965,"Developer ID Application: Antares Audio Technologies, LLC (EWQDQRUXQ8), Developer ID Certification Authority, Apple Root CA",1.5.0
Robert Garrett,Auto-Tune Central Helper,,,Robert‚Äôs MacBook Pro,Mac,/Applications/Auto-Tune Central.app/Contents/Frameworks/Auto-Tune Central Helper.app,Identified Developer,,com.Antares.AutoTuneCentral.helper,1.5.0.3965,"Developer ID Application: Antares Audio Technologies, LLC (EWQDQRUXQ8), Developer ID Certification Authority, Apple Root CA",
Robert Garrett,Auto-Tune Central Helper (GPU),,,Robert‚Äôs MacBook Pro,Mac,/Applications/Auto-Tune Central.app/Contents/Frameworks/Auto-Tune Central Helper (GPU).app,Identified Developer,,com.Antares.AutoTuneCentral.helper.GPU,1.5.0.3965,"Developer ID Application: Antares Audio Technologies, LLC (EWQDQRUXQ8), Developer ID Certification Authority, Apple Root CA",
Robert Garrett,Auto-Tune Central Helper (Plugin),,,Robert‚Äôs MacBook Pro,Mac,/Applications/Auto-Tune Central.app/Contents/Frameworks/Auto-Tune Central Helper (Plugin).app,Identified Developer,,com.Antares.AutoTuneCentral.helper.Plugin,1.5.0.3965,"Developer ID Application: Antares Audio Technologies, LLC (EWQDQRUXQ8), Developer ID Certification Authority, Apple Root CA",
Robert Garrett,Auto-Tune Central Helper (Renderer),,,Robert‚Äôs MacBook Pro,Mac,/Applications/Auto-Tune Central.app/Contents/Frameworks/Auto-Tune Central Helper (Renderer).app,Identified Developer,,com.Antares.AutoTuneCentral.helper.Renderer,1.5.0.3965,"Developer ID Application: Antares Audio Technologies, LLC (EWQDQRUXQ8), Developer ID Certification Authority, Apple Root CA",
Robert Garrett,Automator,,,Robert‚Äôs MacBook Pro,Mac,/System/Applications/Automator.app,Apple,,com.apple.Automator,528,"Software Signing, Apple Code Signing Certification Authority, Apple Root CA",2.1
Robert Garrett,Autoupdate,,,Robert‚Äôs MacBook Pro,Mac,/Applications/Focusrite Control 2.app/Contents/Frameworks/Sparkle.framework/Versions/A/Resources/Autoupdate.app,Identified Developer,,org.sparkle-project.Sparkle.Autoupdate,1.26.0,"Developer ID Application: Focusrite Audio Engineering Ltd. (7VYBQV3T2Q), Developer ID Certification Authority, Apple Root CA",1.26.0
Robert Garrett,Autoupdate,,,Robert‚Äôs MacBook Pro,Mac,/Applications/iLok License Manager.app/Contents/Frameworks/Sparkle.framework/Versions/A/Resources/Autoupdate.app,Identified Developer,,org.sparkle-project.Sparkle.Autoupdate,1.24.0,"Developer ID Application: PACE Anti-Piracy, Inc. (TFZ8226T6X), Developer ID Certification Authority, Apple Root CA",1.24.0 a-51-gf2fc729b
Robert Garrett,Autoupdate,,,Robert‚Äôs MacBook Pro,Mac,/Applications/iTerm.app/Contents/Frameworks/Sparkle.framework/Versions/A/Resources/Autoupdate.app,Identified Developer,,org.sparkle-project.Sparkle.Autoupdate,1.22.0,"Developer ID Application: GEORGE NACHMAN (H7V7XYVQ7D), Developer ID Certification Authority, Apple Root CA",1.22.0 1349-gd4f0717
Robert Garrett,Autoupdate,,,Robert‚Äôs MacBook Pro,Mac,/Applications/Postgres.app/Contents/Frameworks/Sparkle.framework/Versions/A/Resources/Autoupdate.app,Identified Developer,,org.sparkle-project.Sparkle.Autoupdate,1.26.0,"Developer ID Application: Jakob Egger (ZF84SJ5A3G), Developer ID Certification Authority, Apple Root CA",1.26.0
Robert Garrett,backgroundinstruments,,,Robert‚Äôs MacBook Pro,Mac,/Applications/Xcode.app/Contents/Applications/Instruments.app/Contents/Helpers/backgroundinstruments.app,Apple,,com.apple.dt.instruments.backgroundinstruments,64570.99.5,"Software Signing, Apple Code Signing Certification Authority, Apple Root CA",16
Robert Garrett,Bluetooth File Exchange,,,Robert‚Äôs MacBook Pro,Mac,/System/Applications/Utilities/Bluetooth File Exchange.app,Apple,,com.apple.BluetoothFileExchange,1,"Software Signing, Apple Code Signing Certification Authority, Apple Root CA",9
Robert Garrett,Books,,,Robert‚Äôs MacBook Pro,Mac,/System/Applications/Books.app,Apple,,com.apple.iBooksX,6382,"Software Signing, Apple Code Signing Certification Authority, Apple Root CA",7.5
Robert Garrett,Boot Camp Assistant,,,Robert‚Äôs MacBook Pro,Mac,/System/Applications/Utilities/Boot Camp Assistant.app,Apple,,com.apple.bootcampassistant,6344,"Software Signing, Apple Code Signing Certification Authority, Apple Root CA",6.1.0
Robert Garrett,Browser Helper,,,Robert‚Äôs MacBook Pro,Mac,/Applications/Arc.app/Contents/Frameworks/ArcCore.framework/Versions/A/Helpers/Browser Helper.app,Identified Developer,,company.thebrowser.browser.helper,7049.96,"Developer ID Application: The Browser Company of New York Inc. (S6N382Y83G), Developer ID Certification Authority, Apple Root CA",135.0.7049.96
Robert Garrett,Browser Helper (Alerts),,,Robert‚Äôs MacBook Pro,Mac,/Applications/Arc.app/Contents/Frameworks/ArcCore.framework/Versions/A/Helpers/Browser Helper (Alerts).app,Identified Developer,,company.thebrowser.browser.framework.AlertNotificationService,7049.96,"Developer ID Application: The Browser Company of New York Inc. (S6N382Y83G), Developer ID Certification Authority, Apple Root CA",135.0.7049.96
Robert Garrett,Browser Helper (GPU),,,Robert‚Äôs MacBook Pro,Mac,/Applications/Arc.app/Contents/Frameworks/ArcCore.framework/Versions/A/Helpers/Browser Helper (GPU).app,Identified Developer,,company.thebrowser.browser.helper,7049.96,"Developer ID Application: The Browser Company of New York Inc. (S6N382Y83G), Developer ID Certification Authority, Apple Root CA",135.0.7049.96
Robert Garrett,Browser Helper (Plugin),,,Robert‚Äôs MacBook Pro,Mac,/Applications/Arc.app/Contents/Frameworks/ArcCore.framework/Versions/A/Helpers/Browser Helper (Plugin).app,Identified Developer,,company.thebrowser.browser.helper.plugin,7049.96,"Developer ID Application: The Browser Company of New York Inc. (S6N382Y83G), Developer ID Certification Authority, Apple Root CA",135.0.7049.96
Robert Garrett,Browser Helper (Renderer),,,Robert‚Äôs MacBook Pro,Mac,/Applications/Arc.app/Contents/Frameworks/ArcCore.framework/Versions/A/Helpers/Browser Helper (Renderer).app,Identified Developer,,company.thebrowser.browser.helper.renderer,7049.96,"Developer ID Application: The Browser Company of New York Inc. (S6N382Y83G), Developer ID Certification Authority, Apple Root CA",135.0.7049.96
Robert Garrett,Calculator,,,Robert‚Äôs MacBook Pro,Mac,/System/Applications/Calculator.app,Apple,,com.apple.calculator,224,"Software Signing, Apple Code Signing Certification Authority, Apple Root CA",11
Robert Garrett,Calendar,,,Robert‚Äôs MacBook Pro,Mac,/System/Applications/Calendar.app,Apple,,com.apple.iCal,2995.6.1,"Software Signing, Apple Code Signing Certification Authority, Apple Root CA",15
Robert Garrett,Chess,,,Robert‚Äôs MacBook Pro,Mac,/System/Applications/Chess.app,Apple,,com.apple.Chess,3.18,"Software Signing, Apple Code Signing Certification Authority, Apple Root CA",3.18
Robert Garrett,Chromium,,,Robert‚Äôs MacBook Pro,Mac,/Users/rg/Library/Caches/ms-playwright/chromium-1161/chrome-mac/Chromium.app,,,org.chromium.Chromium,6998.35,,134.0.6998.35
Robert Garrett,Chromium Helper,,,Robert‚Äôs MacBook Pro,Mac,/Users/rg/Library/Caches/ms-playwright/chromium-1161/chrome-mac/Chromium.app/Contents/Frameworks/Chromium Framework.framework/Versions/134.0.6998.35/Helpers/Chromium Helper.app,,,org.chromium.Chromium.helper,6998.35,,134.0.6998.35
Robert Garrett,Chromium Helper (Alerts),,,Robert‚Äôs MacBook Pro,Mac,/Users/rg/Library/Caches/ms-playwright/chromium-1161/chrome-mac/Chromium.app/Contents/Frameworks/Chromium Framework.framework/Versions/134.0.6998.35/Helpers/Chromium Helper (Alerts).app,,,org.chromium.Chromium.framework.AlertNotificationService,6998.35,,134.0.6998.35
Robert Garrett,Chromium Helper (GPU),,,Robert‚Äôs MacBook Pro,Mac,/Users/rg/Library/Caches/ms-playwright/chromium-1161/chrome-mac/Chromium.app/Contents/Frameworks/Chromium Framework.framework/Versions/134.0.6998.35/Helpers/Chromium Helper (GPU).app,,,org.chromium.Chromium.helper,6998.35,,134.0.6998.35
Robert Garrett,Chromium Helper (Plugin),,,Robert‚Äôs MacBook Pro,Mac,/Users/rg/Library/Caches/ms-playwright/chromium-1161/chrome-mac/Chromium.app/Contents/Frameworks/Chromium Framework.framework/Versions/134.0.6998.35/Helpers/Chromium Helper (Plugin).app,,,org.chromium.Chromium.helper.plugin,6998.35,,134.0.6998.35
Robert Garrett,Chromium Helper (Renderer),,,Robert‚Äôs MacBook Pro,Mac,/Users/rg/Library/Caches/ms-playwright/chromium-1161/chrome-mac/Chromium.app/Contents/Frameworks/Chromium Framework.framework/Versions/134.0.6998.35/Helpers/Chromium Helper (Renderer).app,,,org.chromium.Chromium.helper.renderer,6998.35,,134.0.6998.35
Robert Garrett,Clock,,,Robert‚Äôs MacBook Pro,Mac,/System/Applications/Clock.app,Apple,,com.apple.clock,62,"Software Signing, Apple Code Signing Certification Authority, Apple Root CA",1.1
Robert Garrett,CmUninstall,,,Robert‚Äôs MacBook Pro,Mac,/Applications/Auto-Tune Central.app/Contents/Resources/CmUninstall.app,Identified Developer,,com.wibu.CmUninstall,,"Developer ID Application: Antares Audio Technologies, LLC (EWQDQRUXQ8), Developer ID Certification Authority, Apple Root CA",7 . 60 . 5625
Robert Garrett,Cocoa-AppleScript Applet,,,Robert‚Äôs MacBook Pro,Mac,/Library/Application Support/Script Editor/Templates/Cocoa-AppleScript Applet.app,,,com.apple.ScriptEditor.id.cocoa-applet-template,1,,1
Robert Garrett,Code Helper,,,Robert‚Äôs MacBook Pro,Mac,/Applications/Visual Studio Code.app/Contents/Frameworks/Code Helper.app,Identified Developer,,com.microsoft.VSCode.helper,,"Developer ID Application: Microsoft Corporation (UBF8T346G9), Developer ID Certification Authority, Apple Root CA",
Robert Garrett,Code Helper (GPU),,,Robert‚Äôs MacBook Pro,Mac,/Applications/Visual Studio Code.app/Contents/Frameworks/Code Helper (GPU).app,Identified Developer,,com.github.Electron.helper,,"Developer ID Application: Microsoft Corporation (UBF8T346G9), Developer ID Certification Authority, Apple Root CA",
Robert Garrett,Code Helper (Plugin),,,Robert‚Äôs MacBook Pro,Mac,/Applications/Visual Studio Code.app/Contents/Frameworks/Code Helper (Plugin).app,Identified Developer,,com.github.Electron.helper,,"Developer ID Application: Microsoft Corporation (UBF8T346G9), Developer ID Certification Authority, Apple Root CA",
Robert Garrett,Code Helper (Renderer),,,Robert‚Äôs MacBook Pro,Mac,/Applications/Visual Studio Code.app/Contents/Frameworks/Code Helper (Renderer).app,Identified Developer,,com.github.Electron.helper,,"Developer ID Application: Microsoft Corporation (UBF8T346G9), Developer ID Certification Authority, Apple Root CA",
Robert Garrett,CodeMeter,,,Robert‚Äôs MacBook Pro,Mac,/Applications/CodeMeter.app,Identified Developer,,com.codemeter.codemetercc,7.60.5625,"Developer ID Application: WIBU-SYSTEMS AG (2SE7W37452), Developer ID Certification Authority, Apple Root CA",7.60.5625
Robert Garrett,ColorSync Utility,,,Robert‚Äôs MacBook Pro,Mac,/System/Applications/Utilities/ColorSync Utility.app,Apple,,com.apple.ColorSyncUtility,431,"Software Signing, Apple Code Signing Certification Authority, Apple Root CA",12.1.0
Robert Garrett,Console,,,Robert‚Äôs MacBook Pro,Mac,/System/Applications/Utilities/Console.app,Apple,,com.apple.Console,8.4.2,"Software Signing, Apple Code Signing Certification Authority, Apple Root CA",1.1
Robert Garrett,Contacts,,,Robert‚Äôs MacBook Pro,Mac,/System/Applications/Contacts.app,Apple,,com.apple.AddressBook,2695.500.71,"Software Signing, Apple Code Signing Certification Authority, Apple Root CA",14
Robert Garrett,crashreporter,,,Robert‚Äôs MacBook Pro,Mac,/Applications/Firefox.app/Contents/MacOS/crashreporter.app,Identified Developer,,org.mozilla.crashreporter,1,"Developer ID Application: Mozilla Corporation (43AQ936H96), Developer ID Certification Authority, Apple Root CA",
Robert Garrett,crashreporter,,,Robert‚Äôs MacBook Pro,Mac,/Users/rg/Library/Caches/Mozilla/updates/Applications/Firefox/updates/0/Updated.app/Contents/MacOS/crashreporter.app,Identified Developer,,org.mozilla.crashreporter,1,"Developer ID Application: Mozilla Corporation (43AQ936H96), Developer ID Certification Authority, Apple Root CA",
Robert Garrett,Create ML,,,Robert‚Äôs MacBook Pro,Mac,/Applications/Xcode.app/Contents/Applications/Create ML.app,Apple,,com.apple.CreateML,151.2,"Software Signing, Apple Code Signing Certification Authority, Apple Root CA",6.2
Robert Garrett,DataGrip,,,Robert‚Äôs MacBook Pro,Mac,/Applications/DataGrip.app,Identified Developer,,com.jetbrains.datagrip,DB-232.10203.8,"Developer ID Application: JetBrains s.r.o. (2ZEFAR8TH3), Developer ID Certification Authority, Apple Root CA",2023.2.3
Robert Garrett,Designer,,,Robert‚Äôs MacBook Pro,Mac,/opt/homebrew/Cellar/qt@5/5.15.16_2/libexec/Designer.app,,,org.qt-project.Designer,,,
Robert Garrett,Developer,,,Robert‚Äôs MacBook Pro,Mac,/Applications/Developer.app,Mac App Store,,developer.apple.wwdc-Release,1081.4.1,"Apple Mac OS Application Signing, Apple Worldwide Developer Relations Certification Authority, Apple Root CA",10.8.1
Robert Garrett,Dictionary,,,Robert‚Äôs MacBook Pro,Mac,/System/Applications/Dictionary.app,Apple,,com.apple.Dictionary,294,"Software Signing, Apple Code Signing Certification Authority, Apple Root CA",2.3.0
Robert Garrett,Digital Color Meter,,,Robert‚Äôs MacBook Pro,Mac,/System/Applications/Utilities/Digital Color Meter.app,Apple,,com.apple.DigitalColorMeter,5.26,"Software Signing, Apple Code Signing Certification Authority, Apple Root CA",5.26
Robert Garrett,Disk Utility,,,Robert‚Äôs MacBook Pro,Mac,/System/Applications/Utilities/Disk Utility.app,Apple,,com.apple.DiskUtility,2400,"Software Signing, Apple Code Signing Certification Authority, Apple Root CA",22.7
Robert Garrett,DisplayLink Manager,,,Robert‚Äôs MacBook Pro,Mac,/Applications/DisplayLink Manager.app,Identified Developer,,com.displaylink.DisplayLinkUserAgent,14,"Developer ID Application: DisplayLink Corp (73YQY62QM3), Developer ID Certification Authority, Apple Root CA",1.10.2
Robert Garrett,DisplayLinkLoginHelper,,,Robert‚Äôs MacBook Pro,Mac,/Applications/DisplayLink Manager.app/Contents/Library/LoginItems/DisplayLinkLoginHelper.app,Identified Developer,,com.displaylink.DisplayLinkLoginHelper,14,"Developer ID Application: DisplayLink Corp (73YQY62QM3), Developer ID Certification Authority, Apple Root CA",1.10.2
Robert Garrett,Docker,,,Robert‚Äôs MacBook Pro,Mac,/Applications/Docker.app,Identified Developer,,com.docker.docker,179585,"Developer ID Application: Docker Inc (9BNSXJN65R), Developer ID Certification Authority, Apple Root CA",4.37.2
Robert Garrett,Docker Desktop,,,Robert‚Äôs MacBook Pro,Mac,/Applications/Docker.app/Contents/MacOS/Docker Desktop.app,Identified Developer,,com.electron.dockerdesktop,4.37.2.28,"Developer ID Application: Docker Inc (9BNSXJN65R), Developer ID Certification Authority, Apple Root CA",4.37.2
Robert Garrett,Docker Desktop Helper,,,Robert‚Äôs MacBook Pro,Mac,/Applications/Docker.app/Contents/MacOS/Docker Desktop.app/Contents/Frameworks/Docker Desktop Helper.app,Identified Developer,,com.electron.dockerdesktop.helper,4.37.2.28,"Developer ID Application: Docker Inc (9BNSXJN65R), Developer ID Certification Authority, Apple Root CA",
Robert Garrett,Docker Desktop Helper (GPU),,,Robert‚Äôs MacBook Pro,Mac,/Applications/Docker.app/Contents/MacOS/Docker Desktop.app/Contents/Frameworks/Docker Desktop Helper (GPU).app,Identified Developer,,com.electron.dockerdesktop.helper.GPU,4.37.2.28,"Developer ID Application: Docker Inc (9BNSXJN65R), Developer ID Certification Authority, Apple Root CA",
Robert Garrett,Docker Desktop Helper (Plugin),,,Robert‚Äôs MacBook Pro,Mac,/Applications/Docker.app/Contents/MacOS/Docker Desktop.app/Contents/Frameworks/Docker Desktop Helper (Plugin).app,Identified Developer,,com.electron.dockerdesktop.helper.Plugin,4.37.2.28,"Developer ID Application: Docker Inc (9BNSXJN65R), Developer ID Certification Authority, Apple Root CA",
Robert Garrett,Docker Desktop Helper (Renderer),,,Robert‚Äôs MacBook Pro,Mac,/Applications/Docker.app/Contents/MacOS/Docker Desktop.app/Contents/Frameworks/Docker Desktop Helper (Renderer).app,Identified Developer,,com.electron.dockerdesktop.helper.Renderer,4.37.2.28,"Developer ID Application: Docker Inc (9BNSXJN65R), Developer ID Certification Authority, Apple Root CA",
Robert Garrett,DockerHelper,,,Robert‚Äôs MacBook Pro,Mac,/Applications/Docker.app/Contents/Library/LoginItems/DockerHelper.app,Identified Developer,,com.docker.helper,2,"Developer ID Application: Docker Inc (9BNSXJN65R), Developer ID Certification Authority, Apple Root CA",1.0.1
Robert Garrett,Droplet with Settable Properties,,,Robert‚Äôs MacBook Pro,Mac,/Library/Application Support/Script Editor/Templates/Droplets/Droplet with Settable Properties.app,,,com.apple.ScriptEditor.id.droplet-with-settable-properties-template,,,1
Robert Garrett,FaceTime,,,Robert‚Äôs MacBook Pro,Mac,/System/Applications/FaceTime.app,Apple,,com.apple.FaceTime,36,"Software Signing, Apple Code Signing Certification Authority, Apple Root CA",36
Robert Garrett,FileMerge,,,Robert‚Äôs MacBook Pro,Mac,/Applications/Xcode.app/Contents/Applications/FileMerge.app,Apple,,com.apple.FileMerge,23700,"Software Signing, Apple Code Signing Certification Authority, Apple Root CA",2.11
Robert Garrett,FinderHelper,,,Robert‚Äôs MacBook Pro,Mac,/Applications/Google Drive.app/Contents/Applications/FinderHelper.app,Identified Developer,,com.google.drivefs.finderhelper,111.0.2,"Developer ID Application: Google LLC (EQHXZ8M8AV), Developer ID Certification Authority, Apple Root CA",111
Robert Garrett,FindMy,,,Robert‚Äôs MacBook Pro,Mac,/System/Applications/FindMy.app,Apple,,com.apple.findmy,415.25.2.11.24,"Software Signing, Apple Code Signing Certification Authority, Apple Root CA",4
Robert Garrett,Firefox,,,Robert‚Äôs MacBook Pro,Mac,/Applications/Firefox.app,Identified Developer,,org.mozilla.firefox,13925.6.9,"Developer ID Application: Mozilla Corporation (43AQ936H96), Developer ID Certification Authority, Apple Root CA",139.0.4
Robert Garrett,Focusrite Control,,,Robert‚Äôs MacBook Pro,Mac,/Applications/Focusrite Control.app,Identified Developer,,com.focusrite.FocusriteControl,3.18.0.204,"Developer ID Application: Focusrite Audio Engineering Ltd. (7VYBQV3T2Q), Developer ID Certification Authority, Apple Root CA",3.18.0.204
Robert Garrett,Focusrite Control 2,,,Robert‚Äôs MacBook Pro,Mac,/Applications/Focusrite Control 2.app,Identified Developer,,com.focusrite.control,1.273.0.21136,"Developer ID Application: Focusrite Audio Engineering Ltd. (7VYBQV3T2Q), Developer ID Certification Authority, Apple Root CA",1.273.0.21136
Robert Garrett,FocusriteControlServer,,,Robert‚Äôs MacBook Pro,Mac,/Applications/Focusrite Control.app/Contents/Library/LoginItems/FocusriteControlServer.app,Identified Developer,,com.focusrite.FocusriteControl.Server,1,"Developer ID Application: Focusrite Audio Engineering Ltd. (7VYBQV3T2Q), Developer ID Certification Authority, Apple Root CA",1
Robert Garrett,Font Book,,,Robert‚Äôs MacBook Pro,Mac,/System/Applications/Font Book.app,Apple,,com.apple.FontBook,506.4.0.6,"Software Signing, Apple Code Signing Certification Authority, Apple Root CA",11
Robert Garrett,Freeform,,,Robert‚Äôs MacBook Pro,Mac,/System/Applications/Freeform.app,Apple,,com.apple.freeform,419.121.1,"Software Signing, Apple Code Signing Certification Authority, Apple Root CA",3.5
Robert Garrett,GarageBand,,,Robert‚Äôs MacBook Pro,Mac,/Applications/GarageBand.app,Mac App Store,,com.apple.garageband10,6182,"Apple Mac OS Application Signing, Apple Worldwide Developer Relations Certification Authority, Apple Root CA",10.4.12
Robert Garrett,GIMP,,,Robert‚Äôs MacBook Pro,Mac,/Applications/GIMP.app,Identified Developer,,org.gimp.gimp-3.0,3.0.2,"Developer ID Application: GNOME Foundation (T25BQ8HSJF), Developer ID Certification Authority, Apple Root CA",3.0.2
Robert Garrett,GIMP,,,Robert‚Äôs MacBook Pro,Mac,/opt/homebrew/Caskroom/gimp/3.0.2/GIMP.app,Identified Developer,,org.gimp.gimp-3.0,3.0.2,"Developer ID Application: GNOME Foundation (T25BQ8HSJF), Developer ID Certification Authority, Apple Root CA",3.0.2
Robert Garrett,Google Chrome,,,Robert‚Äôs MacBook Pro,Mac,/Applications/Google Chrome.app,Identified Developer,,com.google.Chrome,7204.101,"Developer ID Application: Google LLC (EQHXZ8M8AV), Developer ID Certification Authority, Apple Root CA",138.0.7204.101
Robert Garrett,Google Chrome Helper,,,Robert‚Äôs MacBook Pro,Mac,/Applications/Google Chrome.app/Contents/Frameworks/Google Chrome Framework.framework/Versions/138.0.7204.101/Helpers/Google Chrome Helper.app,Identified Developer,,com.google.Chrome.helper,7204.101,"Developer ID Application: Google LLC (EQHXZ8M8AV), Developer ID Certification Authority, Apple Root CA",138.0.7204.101
Robert Garrett,Google Chrome Helper,,,Robert‚Äôs MacBook Pro,Mac,/Applications/Google Chrome.app/Contents/Frameworks/Google Chrome Framework.framework/Versions/138.0.7204.50/Helpers/Google Chrome Helper.app,Identified Developer,,com.google.Chrome.helper,7204.5,"Developer ID Application: Google LLC (EQHXZ8M8AV), Developer ID Certification Authority, Apple Root CA",138.0.7204.50
Robert Garrett,Google Chrome Helper,,,Robert‚Äôs MacBook Pro,Mac,/private/var/folders/7v/sx88smcx16b3zxxrglf_kcgh0000gn/X/com.google.Chrome.code_sign_clone/code_sign_clone.4x5oon/Google Chrome.app.bundle/Contents/Frameworks/Google Chrome Framework.framework/Versions/137.0.7151.104/Helpers/Google Chrome Helper.app,Identified Developer,,com.google.Chrome.helper,7151.104,"Developer ID Application: Google LLC (EQHXZ8M8AV), Developer ID Certification Authority, Apple Root CA",137.0.7151.104
Robert Garrett,Google Chrome Helper,,,Robert‚Äôs MacBook Pro,Mac,/private/var/folders/7v/sx88smcx16b3zxxrglf_kcgh0000gn/X/com.google.Chrome.code_sign_clone/code_sign_clone.dZtuko/Google Chrome.app.bundle/Contents/Frameworks/Google Chrome Framework.framework/Versions/137.0.7151.120/Helpers/Google Chrome Helper.app,Identified Developer,,com.google.Chrome.helper,7151.12,"Developer ID Application: Google LLC (EQHXZ8M8AV), Developer ID Certification Authority, Apple Root CA",137.0.7151.120
Robert Garrett,Google Chrome Helper (Alerts),,,Robert‚Äôs MacBook Pro,Mac,/Applications/Google Chrome.app/Contents/Frameworks/Google Chrome Framework.framework/Versions/138.0.7204.101/Helpers/Google Chrome Helper (Alerts).app,Identified Developer,,com.google.Chrome.framework.AlertNotificationService,7204.101,"Developer ID Application: Google LLC (EQHXZ8M8AV), Developer ID Certification Authority, Apple Root CA",138.0.7204.101
Robert Garrett,Google Chrome Helper (Alerts),,,Robert‚Äôs MacBook Pro,Mac,/Applications/Google Chrome.app/Contents/Frameworks/Google Chrome Framework.framework/Versions/138.0.7204.50/Helpers/Google Chrome Helper (Alerts).app,Identified Developer,,com.google.Chrome.framework.AlertNotificationService,7204.5,"Developer ID Application: Google LLC (EQHXZ8M8AV), Developer ID Certification Authority, Apple Root CA",138.0.7204.50
Robert Garrett,Google Chrome Helper (Alerts),,,Robert‚Äôs MacBook Pro,Mac,/private/var/folders/7v/sx88smcx16b3zxxrglf_kcgh0000gn/X/com.google.Chrome.code_sign_clone/code_sign_clone.4x5oon/Google Chrome.app.bundle/Contents/Frameworks/Google Chrome Framework.framework/Versions/137.0.7151.104/Helpers/Google Chrome Helper (Alerts).app,Identified Developer,,com.google.Chrome.framework.AlertNotificationService,7151.104,"Developer ID Application: Google LLC (EQHXZ8M8AV), Developer ID Certification Authority, Apple Root CA",137.0.7151.104
Robert Garrett,Google Chrome Helper (Alerts),,,Robert‚Äôs MacBook Pro,Mac,/private/var/folders/7v/sx88smcx16b3zxxrglf_kcgh0000gn/X/com.google.Chrome.code_sign_clone/code_sign_clone.dZtuko/Google Chrome.app.bundle/Contents/Frameworks/Google Chrome Framework.framework/Versions/137.0.7151.120/Helpers/Google Chrome Helper (Alerts).app,Identified Developer,,com.google.Chrome.framework.AlertNotificationService,7151.12,"Developer ID Application: Google LLC (EQHXZ8M8AV), Developer ID Certification Authority, Apple Root CA",137.0.7151.120
Robert Garrett,Google Chrome Helper (GPU),,,Robert‚Äôs MacBook Pro,Mac,/Applications/Google Chrome.app/Contents/Frameworks/Google Chrome Framework.framework/Versions/138.0.7204.101/Helpers/Google Chrome Helper (GPU).app,Identified Developer,,com.google.Chrome.helper,7204.101,"Developer ID Application: Google LLC (EQHXZ8M8AV), Developer ID Certification Authority, Apple Root CA",138.0.7204.101
Robert Garrett,Google Chrome Helper (GPU),,,Robert‚Äôs MacBook Pro,Mac,/Applications/Google Chrome.app/Contents/Frameworks/Google Chrome Framework.framework/Versions/138.0.7204.50/Helpers/Google Chrome Helper (GPU).app,Identified Developer,,com.google.Chrome.helper,7204.5,"Developer ID Application: Google LLC (EQHXZ8M8AV), Developer ID Certification Authority, Apple Root CA",138.0.7204.50
Robert Garrett,Google Chrome Helper (GPU),,,Robert‚Äôs MacBook Pro,Mac,/private/var/folders/7v/sx88smcx16b3zxxrglf_kcgh0000gn/X/com.google.Chrome.code_sign_clone/code_sign_clone.4x5oon/Google Chrome.app.bundle/Contents/Frameworks/Google Chrome Framework.framework/Versions/137.0.7151.104/Helpers/Google Chrome Helper (GPU).app,Identified Developer,,com.google.Chrome.helper,7151.104,"Developer ID Application: Google LLC (EQHXZ8M8AV), Developer ID Certification Authority, Apple Root CA",137.0.7151.104
Robert Garrett,Google Chrome Helper (GPU),,,Robert‚Äôs MacBook Pro,Mac,/private/var/folders/7v/sx88smcx16b3zxxrglf_kcgh0000gn/X/com.google.Chrome.code_sign_clone/code_sign_clone.dZtuko/Google Chrome.app.bundle/Contents/Frameworks/Google Chrome Framework.framework/Versions/137.0.7151.120/Helpers/Google Chrome Helper (GPU).app,Identified Developer,,com.google.Chrome.helper,7151.12,"Developer ID Application: Google LLC (EQHXZ8M8AV), Developer ID Certification Authority, Apple Root CA",137.0.7151.120
Robert Garrett,Google Chrome Helper (Plugin),,,Robert‚Äôs MacBook Pro,Mac,/Applications/Google Chrome.app/Contents/Frameworks/Google Chrome Framework.framework/Versions/138.0.7204.101/Helpers/Google Chrome Helper (Plugin).app,Identified Developer,,com.google.Chrome.helper.plugin,7204.101,"Developer ID Application: Google LLC (EQHXZ8M8AV), Developer ID Certification Authority, Apple Root CA",138.0.7204.101
Robert Garrett,Google Chrome Helper (Plugin),,,Robert‚Äôs MacBook Pro,Mac,/Applications/Google Chrome.app/Contents/Frameworks/Google Chrome Framework.framework/Versions/138.0.7204.50/Helpers/Google Chrome Helper (Plugin).app,Identified Developer,,com.google.Chrome.helper.plugin,7204.5,"Developer ID Application: Google LLC (EQHXZ8M8AV), Developer ID Certification Authority, Apple Root CA",138.0.7204.50
Robert Garrett,Google Chrome Helper (Plugin),,,Robert‚Äôs MacBook Pro,Mac,/private/var/folders/7v/sx88smcx16b3zxxrglf_kcgh0000gn/X/com.google.Chrome.code_sign_clone/code_sign_clone.4x5oon/Google Chrome.app.bundle/Contents/Frameworks/Google Chrome Framework.framework/Versions/137.0.7151.104/Helpers/Google Chrome Helper (Plugin).app,Identified Developer,,com.google.Chrome.helper.plugin,7151.104,"Developer ID Application: Google LLC (EQHXZ8M8AV), Developer ID Certification Authority, Apple Root CA",137.0.7151.104
Robert Garrett,Google Chrome Helper (Plugin),,,Robert‚Äôs MacBook Pro,Mac,/private/var/folders/7v/sx88smcx16b3zxxrglf_kcgh0000gn/X/com.google.Chrome.code_sign_clone/code_sign_clone.dZtuko/Google Chrome.app.bundle/Contents/Frameworks/Google Chrome Framework.framework/Versions/137.0.7151.120/Helpers/Google Chrome Helper (Plugin).app,Identified Developer,,com.google.Chrome.helper.plugin,7151.12,"Developer ID Application: Google LLC (EQHXZ8M8AV), Developer ID Certification Authority, Apple Root CA",137.0.7151.120
Robert Garrett,Google Chrome Helper (Renderer),,,Robert‚Äôs MacBook Pro,Mac,/Applications/Google Chrome.app/Contents/Frameworks/Google Chrome Framework.framework/Versions/138.0.7204.101/Helpers/Google Chrome Helper (Renderer).app,Identified Developer,,com.google.Chrome.helper.renderer,7204.101,"Developer ID Application: Google LLC (EQHXZ8M8AV), Developer ID Certification Authority, Apple Root CA",138.0.7204.101
Robert Garrett,Google Chrome Helper (Renderer),,,Robert‚Äôs MacBook Pro,Mac,/Applications/Google Chrome.app/Contents/Frameworks/Google Chrome Framework.framework/Versions/138.0.7204.50/Helpers/Google Chrome Helper (Renderer).app,Identified Developer,,com.google.Chrome.helper.renderer,7204.5,"Developer ID Application: Google LLC (EQHXZ8M8AV), Developer ID Certification Authority, Apple Root CA",138.0.7204.50
Robert Garrett,Google Chrome Helper (Renderer),,,Robert‚Äôs MacBook Pro,Mac,/private/var/folders/7v/sx88smcx16b3zxxrglf_kcgh0000gn/X/com.google.Chrome.code_sign_clone/code_sign_clone.4x5oon/Google Chrome.app.bundle/Contents/Frameworks/Google Chrome Framework.framework/Versions/137.0.7151.104/Helpers/Google Chrome Helper (Renderer).app,Identified Developer,,com.google.Chrome.helper.renderer,7151.104,"Developer ID Application: Google LLC (EQHXZ8M8AV), Developer ID Certification Authority, Apple Root CA",137.0.7151.104
Robert Garrett,Google Chrome Helper (Renderer),,,Robert‚Äôs MacBook Pro,Mac,/private/var/folders/7v/sx88smcx16b3zxxrglf_kcgh0000gn/X/com.google.Chrome.code_sign_clone/code_sign_clone.dZtuko/Google Chrome.app.bundle/Contents/Frameworks/Google Chrome Framework.framework/Versions/137.0.7151.120/Helpers/Google Chrome Helper (Renderer).app,Identified Developer,,com.google.Chrome.helper.renderer,7151.12,"Developer ID Application: Google LLC (EQHXZ8M8AV), Developer ID Certification Authority, Apple Root CA",137.0.7151.120
Robert Garrett,Google Docs,,,Robert‚Äôs MacBook Pro,Mac,/Applications/Google Docs.app,Identified Developer,,com.google.drivefs.shortcuts.docs,111.0.0,"Developer ID Application: Google LLC (EQHXZ8M8AV), Developer ID Certification Authority, Apple Root CA",111
Robert Garrett,Google Drive,,,Robert‚Äôs MacBook Pro,Mac,/Applications/Google Drive.app,Identified Developer,,com.google.drivefs,111.0.2,"Developer ID Application: Google LLC (EQHXZ8M8AV), Developer ID Certification Authority, Apple Root CA",111
Robert Garrett,Google Drive Helper,,,Robert‚Äôs MacBook Pro,Mac,/Applications/Google Drive.app/Contents/Helpers/Google Drive Helper.app,Identified Developer,,com.google.drivefs.helper,111.0.2,"Developer ID Application: Google LLC (EQHXZ8M8AV), Developer ID Certification Authority, Apple Root CA",111
Robert Garrett,Google Drive Helper (GPU),,,Robert‚Äôs MacBook Pro,Mac,/Applications/Google Drive.app/Contents/Helpers/Google Drive Helper (GPU).app,Identified Developer,,com.google.drivefs.helper.gpu,111.0.2,"Developer ID Application: Google LLC (EQHXZ8M8AV), Developer ID Certification Authority, Apple Root CA",111
Robert Garrett,Google Drive Helper (Plugin),,,Robert‚Äôs MacBook Pro,Mac,/Applications/Google Drive.app/Contents/Helpers/Google Drive Helper (Plugin).app,Identified Developer,,com.google.drivefs.helper.plugin,111.0.2,"Developer ID Application: Google LLC (EQHXZ8M8AV), Developer ID Certification Authority, Apple Root CA",111
Robert Garrett,Google Drive Helper (Renderer),,,Robert‚Äôs MacBook Pro,Mac,/Applications/Google Drive.app/Contents/Helpers/Google Drive Helper (Renderer).app,Identified Developer,,com.google.drivefs.helper.renderer,111.0.2,"Developer ID Application: Google LLC (EQHXZ8M8AV), Developer ID Certification Authority, Apple Root CA",111
Robert Garrett,Google Sheets,,,Robert‚Äôs MacBook Pro,Mac,/Applications/Google Sheets.app,Identified Developer,,com.google.drivefs.shortcuts.sheets,111.0.0,"Developer ID Application: Google LLC (EQHXZ8M8AV), Developer ID Certification Authority, Apple Root CA",111
Robert Garrett,Google Slides,,,Robert‚Äôs MacBook Pro,Mac,/Applications/Google Slides.app,Identified Developer,,com.google.drivefs.shortcuts.slides,111.0.0,"Developer ID Application: Google LLC (EQHXZ8M8AV), Developer ID Certification Authority, Apple Root CA",111
Robert Garrett,GoogleSoftwareUpdateAgent,,,Robert‚Äôs MacBook Pro,Mac,/Applications/Google Chrome.app/Contents/Frameworks/Google Chrome Framework.framework/Versions/138.0.7204.101/Helpers/GoogleUpdater.app/Contents/Helpers/GoogleSoftwareUpdate.bundle/Contents/Resources/GoogleSoftwareUpdateAgent.app,Identified Developer,,com.google.Keystone.Agent,2,"Developer ID Application: Google LLC (EQHXZ8M8AV), Developer ID Certification Authority, Apple Root CA",
Robert Garrett,GoogleSoftwareUpdateAgent,,,Robert‚Äôs MacBook Pro,Mac,/Applications/Google Chrome.app/Contents/Frameworks/Google Chrome Framework.framework/Versions/138.0.7204.50/Helpers/GoogleUpdater.app/Contents/Helpers/GoogleSoftwareUpdate.bundle/Contents/Resources/GoogleSoftwareUpdateAgent.app,Identified Developer,,com.google.Keystone.Agent,2,"Developer ID Application: Google LLC (EQHXZ8M8AV), Developer ID Certification Authority, Apple Root CA",
Robert Garrett,GoogleSoftwareUpdateAgent,,,Robert‚Äôs MacBook Pro,Mac,/Library/Application Support/Google/GoogleUpdater/140.0.7272.0/GoogleUpdater.app/Contents/Helpers/GoogleSoftwareUpdate.bundle/Contents/Resources/GoogleSoftwareUpdateAgent.app,Identified Developer,,com.google.Keystone.Agent,2,"Developer ID Application: Google LLC (EQHXZ8M8AV), Developer ID Certification Authority, Apple Root CA",
Robert Garrett,GoogleSoftwareUpdateAgent,,,Robert‚Äôs MacBook Pro,Mac,/Library/Google/GoogleSoftwareUpdate/GoogleSoftwareUpdate.bundle/Contents/Resources/GoogleSoftwareUpdateAgent.app,Identified Developer,,com.google.Keystone.Agent,2,"Developer ID Application: Google LLC (EQHXZ8M8AV), Developer ID Certification Authority, Apple Root CA",
Robert Garrett,GoogleSoftwareUpdateAgent,,,Robert‚Äôs MacBook Pro,Mac,/private/var/folders/7v/sx88smcx16b3zxxrglf_kcgh0000gn/X/com.google.Chrome.code_sign_clone/code_sign_clone.4x5oon/Google Chrome.app.bundle/Contents/Frameworks/Google Chrome Framework.framework/Versions/137.0.7151.104/Helpers/GoogleUpdater.app/Contents/Helpers/GoogleSoftwareUpdate.bundle/Contents/Resources/GoogleSoftwareUpdateAgent.app,Identified Developer,,com.google.Keystone.Agent,2,"Developer ID Application: Google LLC (EQHXZ8M8AV), Developer ID Certification Authority, Apple Root CA",
Robert Garrett,GoogleSoftwareUpdateAgent,,,Robert‚Äôs MacBook Pro,Mac,/private/var/folders/7v/sx88smcx16b3zxxrglf_kcgh0000gn/X/com.google.Chrome.code_sign_clone/code_sign_clone.dZtuko/Google Chrome.app.bundle/Contents/Frameworks/Google Chrome Framework.framework/Versions/137.0.7151.120/Helpers/GoogleUpdater.app/Contents/Helpers/GoogleSoftwareUpdate.bundle/Contents/Resources/GoogleSoftwareUpdateAgent.app,Identified Developer,,com.google.Keystone.Agent,2,"Developer ID Application: Google LLC (EQHXZ8M8AV), Developer ID Certification Authority, Apple Root CA",
Robert Garrett,GoogleUpdater,,,Robert‚Äôs MacBook Pro,Mac,/Applications/Google Chrome.app/Contents/Frameworks/Google Chrome Framework.framework/Versions/138.0.7204.101/Helpers/GoogleUpdater.app,Identified Developer,,com.google.GoogleUpdater,7023,"Developer ID Application: Google LLC (EQHXZ8M8AV), Developer ID Certification Authority, Apple Root CA",135.0.7023.0
Robert Garrett,GoogleUpdater,,,Robert‚Äôs MacBook Pro,Mac,/Applications/Google Chrome.app/Contents/Frameworks/Google Chrome Framework.framework/Versions/138.0.7204.50/Helpers/GoogleUpdater.app,Identified Developer,,com.google.GoogleUpdater,7023,"Developer ID Application: Google LLC (EQHXZ8M8AV), Developer ID Certification Authority, Apple Root CA",135.0.7023.0
Robert Garrett,GoogleUpdater,,,Robert‚Äôs MacBook Pro,Mac,/Library/Application Support/Google/GoogleUpdater/140.0.7272.0/GoogleUpdater.app,Identified Developer,,com.google.GoogleUpdater,7272,"Developer ID Application: Google LLC (EQHXZ8M8AV), Developer ID Certification Authority, Apple Root CA",140.0.7272.0
Robert Garrett,GoogleUpdater,,,Robert‚Äôs MacBook Pro,Mac,/private/var/folders/7v/sx88smcx16b3zxxrglf_kcgh0000gn/X/com.google.Chrome.code_sign_clone/code_sign_clone.4x5oon/Google Chrome.app.bundle/Contents/Frameworks/Google Chrome Framework.framework/Versions/137.0.7151.104/Helpers/GoogleUpdater.app,Identified Developer,,com.google.GoogleUpdater,7023,"Developer ID Application: Google LLC (EQHXZ8M8AV), Developer ID Certification Authority, Apple Root CA",135.0.7023.0
Robert Garrett,GoogleUpdater,,,Robert‚Äôs MacBook Pro,Mac,/private/var/folders/7v/sx88smcx16b3zxxrglf_kcgh0000gn/X/com.google.Chrome.code_sign_clone/code_sign_clone.dZtuko/Google Chrome.app.bundle/Contents/Frameworks/Google Chrome Framework.framework/Versions/137.0.7151.120/Helpers/GoogleUpdater.app,Identified Developer,,com.google.GoogleUpdater,7023,"Developer ID Application: Google LLC (EQHXZ8M8AV), Developer ID Certification Authority, Apple Root CA",135.0.7023.0
Robert Garrett,GPUToolsAgent,,,Robert‚Äôs MacBook Pro,Mac,/Applications/Xcode.app/Contents/Developer/Library/Xcode/Agents/GPUToolsAgent.app,Apple,,com.apple.GPUToolsAgent,33712,"Software Signing, Apple Code Signing Certification Authority, Apple Root CA",33712
Robert Garrett,Grapher,,,Robert‚Äôs MacBook Pro,Mac,/System/Applications/Utilities/Grapher.app,Apple,,com.apple.grapher,1,"Software Signing, Apple Code Signing Certification Authority, Apple Root CA",2.7
Robert Garrett,Home,,,Robert‚Äôs MacBook Pro,Mac,/System/Applications/Home.app,Apple,,com.apple.Home,1026.6.29.4.2,"Software Signing, Apple Code Signing Certification Authority, Apple Root CA",9
Robert Garrett,IBCocoaSimulator,,,Robert‚Äôs MacBook Pro,Mac,/Applications/Xcode.app/Contents/Developer/Platforms/MacOSX.platform/Developer/Library/Interface Builder/Plug-ins/CocoaPlugin.ibplugin/Contents/Resources/IBCocoaSimulator.app,Apple,,com.apple.IBCocoaSimulator3,16001,"Software Signing, Apple Code Signing Certification Authority, Apple Root CA",4.3
Robert Garrett,IDLE 3,,,Robert‚Äôs MacBook Pro,Mac,/opt/homebrew/Cellar/python@3.12/3.12.10/IDLE 3.app,,,org.python.IDLE,3.12.10,,3.12.10
Robert Garrett,IDLE 3,,,Robert‚Äôs MacBook Pro,Mac,/opt/homebrew/Cellar/python@3.13/3.13.3/IDLE 3.app,,,org.python.IDLE,3.13.3,,3.13.3
Robert Garrett,iLok License Manager,,,Robert‚Äôs MacBook Pro,Mac,/Applications/iLok License Manager.app,Identified Developer,,com.paceap.eden.iLokLicenseManager,5097,"Developer ID Application: PACE Anti-Piracy, Inc. (TFZ8226T6X), Developer ID Certification Authority, Apple Root CA","5.9.0 GM (b5097, edaa5278)"
Robert Garrett,Image Capture,,,Robert‚Äôs MacBook Pro,Mac,/System/Applications/Image Capture.app,Apple,,com.apple.Image_Capture,1106,"Software Signing, Apple Code Signing Certification Authority, Apple Root CA",8
Robert Garrett,Image Playground,,,Robert‚Äôs MacBook Pro,Mac,/System/Applications/Image Playground.app,Apple,,com.apple.GenerativePlaygroundApp,1,"Software Signing, Apple Code Signing Certification Authority, Apple Root CA",1
Robert Garrett,iMovie,,,Robert‚Äôs MacBook Pro,Mac,/Applications/iMovie.app,Mac App Store,,com.apple.iMovieApp,430148,"Apple Mac OS Application Signing, Apple Worldwide Developer Relations Certification Authority, Apple Root CA",10.4.3
Robert Garrett,Instruments,,,Robert‚Äôs MacBook Pro,Mac,/Applications/Xcode.app/Contents/Applications/Instruments.app,Apple,,com.apple.dt.Instruments,64570.99.5,"Software Signing, Apple Code Signing Certification Authority, Apple Root CA",16.4
Robert Garrett,IntelliJ IDEA,,,Robert‚Äôs MacBook Pro,Mac,/Applications/IntelliJ IDEA.app,Identified Developer,,com.jetbrains.intellij,IU-232.10319.17,"Developer ID Application: JetBrains s.r.o. (2ZEFAR8TH3), Developer ID Certification Authority, Apple Root CA",2023.2.7
Robert Garrett,iPhone Mirroring,,,Robert‚Äôs MacBook Pro,Mac,/System/Applications/iPhone Mirroring.app,Apple,,com.apple.ScreenContinuity,50.5.4,"Software Signing, Apple Code Signing Certification Authority, Apple Root CA",1.3
Robert Garrett,iTerm,,,Robert‚Äôs MacBook Pro,Mac,/Applications/iTerm.app,Identified Developer,,com.googlecode.iterm2,3.5.14,"Developer ID Application: GEORGE NACHMAN (H7V7XYVQ7D), Developer ID Certification Authority, Apple Root CA",3.5.14
Robert Garrett,iTerm2ImportStatus,,,Robert‚Äôs MacBook Pro,Mac,/Applications/iTerm.app/Contents/MacOS/iTerm2ImportStatus.app,Identified Developer,,com.googlecode.iterm2.iTerm2ImportStatus,1,"Developer ID Application: GEORGE NACHMAN (H7V7XYVQ7D), Developer ID Certification Authority, Apple Root CA",1
Robert Garrett,jcef Helper,,,Robert‚Äôs MacBook Pro,Mac,/Applications/DataGrip.app/Contents/jbr/Contents/Frameworks/jcef Helper.app,Identified Developer,,org.jcef.jcef.helper,,"Developer ID Application: JetBrains s.r.o. (2ZEFAR8TH3), Developer ID Certification Authority, Apple Root CA",
Robert Garrett,jcef Helper,,,Robert‚Äôs MacBook Pro,Mac,/Applications/IntelliJ IDEA.app/Contents/jbr/Contents/Frameworks/jcef Helper.app,Identified Developer,,org.jcef.jcef.helper,,"Developer ID Application: JetBrains s.r.o. (2ZEFAR8TH3), Developer ID Certification Authority, Apple Root CA",
Robert Garrett,jcef Helper,,,Robert‚Äôs MacBook Pro,Mac,/Applications/PyCharm.app/Contents/jbr/Contents/Frameworks/jcef Helper.app,Identified Developer,,org.jcef.jcef.helper,,"Developer ID Application: JetBrains s.r.o. (2ZEFAR8TH3), Developer ID Certification Authority, Apple Root CA",
Robert Garrett,jcef Helper (GPU),,,Robert‚Äôs MacBook Pro,Mac,/Applications/DataGrip.app/Contents/jbr/Contents/Frameworks/jcef Helper (GPU).app,Identified Developer,,org.jcef.jcef.helper.gpu,,"Developer ID Application: JetBrains s.r.o. (2ZEFAR8TH3), Developer ID Certification Authority, Apple Root CA",
Robert Garrett,jcef Helper (GPU),,,Robert‚Äôs MacBook Pro,Mac,/Applications/IntelliJ IDEA.app/Contents/jbr/Contents/Frameworks/jcef Helper (GPU).app,Identified Developer,,org.jcef.jcef.helper.gpu,,"Developer ID Application: JetBrains s.r.o. (2ZEFAR8TH3), Developer ID Certification Authority, Apple Root CA",
Robert Garrett,jcef Helper (GPU),,,Robert‚Äôs MacBook Pro,Mac,/Applications/PyCharm.app/Contents/jbr/Contents/Frameworks/jcef Helper (GPU).app,Identified Developer,,org.jcef.jcef.helper.gpu,,"Developer ID Application: JetBrains s.r.o. (2ZEFAR8TH3), Developer ID Certification Authority, Apple Root CA",
Robert Garrett,jcef Helper (Plugin),,,Robert‚Äôs MacBook Pro,Mac,/Applications/DataGrip.app/Contents/jbr/Contents/Frameworks/jcef Helper (Plugin).app,Identified Developer,,org.jcef.jcef.helper.plugin,,"Developer ID Application: JetBrains s.r.o. (2ZEFAR8TH3), Developer ID Certification Authority, Apple Root CA",
Robert Garrett,jcef Helper (Plugin),,,Robert‚Äôs MacBook Pro,Mac,/Applications/IntelliJ IDEA.app/Contents/jbr/Contents/Frameworks/jcef Helper (Plugin).app,Identified Developer,,org.jcef.jcef.helper.plugin,,"Developer ID Application: JetBrains s.r.o. (2ZEFAR8TH3), Developer ID Certification Authority, Apple Root CA",
Robert Garrett,jcef Helper (Plugin),,,Robert‚Äôs MacBook Pro,Mac,/Applications/PyCharm.app/Contents/jbr/Contents/Frameworks/jcef Helper (Plugin).app,Identified Developer,,org.jcef.jcef.helper.plugin,,"Developer ID Application: JetBrains s.r.o. (2ZEFAR8TH3), Developer ID Certification Authority, Apple Root CA",
Robert Garrett,jcef Helper (Renderer),,,Robert‚Äôs MacBook Pro,Mac,/Applications/DataGrip.app/Contents/jbr/Contents/Frameworks/jcef Helper (Renderer).app,Identified Developer,,org.jcef.jcef.helper.renderer,,"Developer ID Application: JetBrains s.r.o. (2ZEFAR8TH3), Developer ID Certification Authority, Apple Root CA",
Robert Garrett,jcef Helper (Renderer),,,Robert‚Äôs MacBook Pro,Mac,/Applications/IntelliJ IDEA.app/Contents/jbr/Contents/Frameworks/jcef Helper (Renderer).app,Identified Developer,,org.jcef.jcef.helper.renderer,,"Developer ID Application: JetBrains s.r.o. (2ZEFAR8TH3), Developer ID Certification Authority, Apple Root CA",
Robert Garrett,jcef Helper (Renderer),,,Robert‚Äôs MacBook Pro,Mac,/Applications/PyCharm.app/Contents/jbr/Contents/Frameworks/jcef Helper (Renderer).app,Identified Developer,,org.jcef.jcef.helper.renderer,,"Developer ID Application: JetBrains s.r.o. (2ZEFAR8TH3), Developer ID Certification Authority, Apple Root CA",
Robert Garrett,Kandji Agent,,,Robert‚Äôs MacBook Pro,Mac,/Library/Kandji/Kandji Agent.app,Identified Developer,,io.kandji.KandjiAgent,5300,"Developer ID Application: Kandji, Inc. (P3FGV63VK7), Developer ID Certification Authority, Apple Root CA",4.6.21
Robert Garrett,Kandji CLI,,,Robert‚Äôs MacBook Pro,Mac,/Library/Kandji/Kandji Agent.app/Contents/Helpers/Kandji CLI.app,Identified Developer,,kandji-cli,5300,"Developer ID Application: Kandji, Inc. (P3FGV63VK7), Developer ID Certification Authority, Apple Root CA",4.6.21
Robert Garrett,Kandji Daemon,,,Robert‚Äôs MacBook Pro,Mac,/Library/Kandji/Kandji Agent.app/Contents/Helpers/Kandji Daemon.app,Identified Developer,,kandji-daemon,5300,"Developer ID Application: Kandji, Inc. (P3FGV63VK7), Developer ID Certification Authority, Apple Root CA",4.6.21
Robert Garrett,Kandji Extension Manager,,,Robert‚Äôs MacBook Pro,Mac,/Applications/Utilities/Kandji Extension Manager.app,Identified Developer,,io.kandji.Extension-Manager,792,"Developer ID Application: Kandji, Inc. (P3FGV63VK7), Developer ID Certification Authority, Apple Root CA",1.8.36
Robert Garrett,Kandji Library Manager,,,Robert‚Äôs MacBook Pro,Mac,/Library/Kandji/Kandji Agent.app/Contents/Helpers/Kandji Library Manager.app,Identified Developer,,kandji-library-manager,5300,"Developer ID Application: Kandji, Inc. (P3FGV63VK7), Developer ID Certification Authority, Apple Root CA",4.6.21
Robert Garrett,Kandji Liftoff,,,Robert‚Äôs MacBook Pro,Mac,/Library/Kandji/Kandji Agent.app/Contents/Helpers/Kandji Liftoff.app,Identified Developer,,io.kandji.KandjiSetup,606,"Developer ID Application: Kandji, Inc. (P3FGV63VK7), Developer ID Certification Authority, Apple Root CA",1.3.1
Robert Garrett,Kandji Menu,,,Robert‚Äôs MacBook Pro,Mac,/Library/Application Support/Kandji/Kandji Menu/Kandji Menu.app,Identified Developer,,io.kandji.Kandji,5300,"Developer ID Application: Kandji, Inc. (P3FGV63VK7), Developer ID Certification Authority, Apple Root CA",4.6.21
Robert Garrett,Kandji Parameter Agent,,,Robert‚Äôs MacBook Pro,Mac,/Library/Kandji/Kandji Agent.app/Contents/Helpers/Kandji Parameter Agent.app,Identified Developer,,kandji-parameter-agent,5300,"Developer ID Application: Kandji, Inc. (P3FGV63VK7), Developer ID Certification Authority, Apple Root CA",4.6.21
Robert Garrett,Kandji Self Service,,,Robert‚Äôs MacBook Pro,Mac,/Applications/Kandji Self Service.app,Identified Developer,,io.kandji.Self-Service,814,"Developer ID Application: Kandji, Inc. (P3FGV63VK7), Developer ID Certification Authority, Apple Root CA",1.8.12
Robert Garrett,Keynote,,,Robert‚Äôs MacBook Pro,Mac,/Applications/Keynote.app,Mac App Store,,com.apple.iWork.Keynote,7043.0.93,"Apple Mac OS Application Signing, Apple Worldwide Developer Relations Certification Authority, Apple Root CA",14.4
Robert Garrett,Launcher Disabler,,,Robert‚Äôs MacBook Pro,Mac,/Applications/OneDrive.app/Contents/Library/LoginItems/Launcher Disabler.app,Identified Developer,,com.microsoft.SkyDriveLauncher,25110.0608.0002,"Developer ID Application: Microsoft Corporation (UBF8T346G9), Developer ID Certification Authority, Apple Root CA",25.110.0608
Robert Garrett,Launcher Disabler,,,Robert‚Äôs MacBook Pro,Mac,/private/var/root/.Trash/OneDrive.app/Contents/Library/LoginItems/Launcher Disabler.app,Identified Developer,,com.microsoft.SkyDriveLauncher,24086.0428.0003,"Developer ID Application: Microsoft Corporation (UBF8T346G9), Developer ID Certification Authority, Apple Root CA",24.086.0428
Robert Garrett,Launchpad,,,Robert‚Äôs MacBook Pro,Mac,/System/Applications/Launchpad.app,Apple,,com.apple.launchpad.launcher,61,"Software Signing, Apple Code Signing Certification Authority, Apple Root CA",1
Robert Garrett,licenseDaemon,,,Robert‚Äôs MacBook Pro,Mac,/Library/PrivilegedHelperTools/licenseDaemon.app,Identified Developer,,com.paceap.eden.licenseDaemon,5.9.0.5097,"Developer ID Application: PACE Anti-Piracy, Inc. (TFZ8226T6X), Developer ID Certification Authority, Apple Root CA","5.9.0 GM (b5097, edaa5278)"
Robert Garrett,Linguist,,,Robert‚Äôs MacBook Pro,Mac,/opt/homebrew/Cellar/qt@5/5.15.16_2/libexec/Linguist.app,,,org.qt-project.Linguist,,,
Robert Garrett,Mail,,,Robert‚Äôs MacBook Pro,Mac,/System/Applications/Mail.app,Apple,,com.apple.mail,3826.600.51.1.1,"Software Signing, Apple Code Signing Certification Authority, Apple Root CA",16
Robert Garrett,Maps,,,Robert‚Äôs MacBook Pro,Mac,/System/Applications/Maps.app,Apple,,com.apple.Maps,2864.25.3.6.8,"Software Signing, Apple Code Signing Certification Authority, Apple Root CA",3
Robert Garrett,massCode,,,Robert‚Äôs MacBook Pro,Mac,/Applications/massCode.app,Identified Developer,,io.masscode.app,3.12.0,"Developer ID Application: Anton Reshetov (NXRD82TAC2), Developer ID Certification Authority, Apple Root CA",3.12.0
Robert Garrett,massCode Helper,,,Robert‚Äôs MacBook Pro,Mac,/Applications/massCode.app/Contents/Frameworks/massCode Helper.app,Identified Developer,,io.masscode.app.helper,3.12.0,"Developer ID Application: Anton Reshetov (NXRD82TAC2), Developer ID Certification Authority, Apple Root CA",
Robert Garrett,massCode Helper (GPU),,,Robert‚Äôs MacBook Pro,Mac,/Applications/massCode.app/Contents/Frameworks/massCode Helper (GPU).app,Identified Developer,,io.masscode.app.helper.GPU,3.12.0,"Developer ID Application: Anton Reshetov (NXRD82TAC2), Developer ID Certification Authority, Apple Root CA",
Robert Garrett,massCode Helper (Plugin),,,Robert‚Äôs MacBook Pro,Mac,/Applications/massCode.app/Contents/Frameworks/massCode Helper (Plugin).app,Identified Developer,,io.masscode.app.helper.Plugin,3.12.0,"Developer ID Application: Anton Reshetov (NXRD82TAC2), Developer ID Certification Authority, Apple Root CA",
Robert Garrett,massCode Helper (Renderer),,,Robert‚Äôs MacBook Pro,Mac,/Applications/massCode.app/Contents/Frameworks/massCode Helper (Renderer).app,Identified Developer,,io.masscode.app.helper.Renderer,3.12.0,"Developer ID Application: Anton Reshetov (NXRD82TAC2), Developer ID Certification Authority, Apple Root CA",
Robert Garrett,media-plugin-helper,,,Robert‚Äôs MacBook Pro,Mac,/Applications/Firefox.app/Contents/MacOS/media-plugin-helper.app,Identified Developer,,org.mozilla.firefox-media-plugin-helper,1,"Developer ID Application: Mozilla Corporation (43AQ936H96), Developer ID Certification Authority, Apple Root CA",
Robert Garrett,media-plugin-helper,,,Robert‚Äôs MacBook Pro,Mac,/Users/rg/Library/Caches/Mozilla/updates/Applications/Firefox/updates/0/Updated.app/Contents/MacOS/media-plugin-helper.app,Identified Developer,,org.mozilla.firefox-media-plugin-helper,1,"Developer ID Application: Mozilla Corporation (43AQ936H96), Developer ID Certification Authority, Apple Root CA",
Robert Garrett,media-plugin-helper,,,Robert‚Äôs MacBook Pro,Mac,/Users/rg/Library/Caches/ms-playwright/firefox-1475/firefox/Nightly.app/Contents/MacOS/media-plugin-helper.app,,,org.mozilla.nightly-media-plugin-helper,1,,
Robert Garrett,Messages,,,Robert‚Äôs MacBook Pro,Mac,/System/Applications/Messages.app,Apple,,com.apple.MobileSMS,1402.600.41.1.5,"Software Signing, Apple Code Signing Certification Authority, Apple Root CA",14
Robert Garrett,Microsoft AU Daemon,,,Robert‚Äôs MacBook Pro,Mac,/Library/Application Support/Microsoft/MAU2.0/Microsoft AutoUpdate.app/Contents/MacOS/Microsoft AU Daemon.app,Identified Developer,,com.microsoft.autoupdate.fba,4.79.25033028,"Developer ID Application: Microsoft Corporation (UBF8T346G9), Developer ID Certification Authority, Apple Root CA",4.79
Robert Garrett,Microsoft AutoUpdate,,,Robert‚Äôs MacBook Pro,Mac,/Library/Application Support/Microsoft/MAU2.0/Microsoft AutoUpdate.app,Identified Developer,,com.microsoft.autoupdate2,4.79.25033028,"Developer ID Application: Microsoft Corporation (UBF8T346G9), Developer ID Certification Authority, Apple Root CA",4.79
Robert Garrett,Microsoft Defender Shim,,,Robert‚Äôs MacBook Pro,Mac,/Applications/Microsoft Defender Shim.app,Identified Developer,,com.microsoft.wdav.shim,101.24080.0001,"Developer ID Application: Microsoft Corporation (UBF8T346G9), Developer ID Certification Authority, Apple Root CA",101.24080.0001
Robert Garrett,Microsoft Defender Shim,,,Robert‚Äôs MacBook Pro,Mac,/Applications/Microsoft Defender Shim.app/Contents/MacOS/Microsoft Defender Shim.app,Identified Developer,,com.microsoft.wdav.shim,101.24080.0001,"Developer ID Application: Microsoft Corporation (UBF8T346G9), Developer ID Certification Authority, Apple Root CA",101.24080.0001
Robert Garrett,Microsoft Error Reporting,,,Robert‚Äôs MacBook Pro,Mac,/Applications/Microsoft Excel.app/Contents/SharedSupport/Microsoft Error Reporting.app,Identified Developer,,com.microsoft.errorreporting,16.99.25070625,"Developer ID Application: Microsoft Corporation (UBF8T346G9), Developer ID Certification Authority, Apple Root CA",16.99
Robert Garrett,Microsoft Error Reporting,,,Robert‚Äôs MacBook Pro,Mac,/Applications/Microsoft OneNote.app/Contents/SharedSupport/Microsoft Error Reporting.app,Identified Developer,,com.microsoft.errorreporting,16.99.25070625,"Developer ID Application: Microsoft Corporation (UBF8T346G9), Developer ID Certification Authority, Apple Root CA",16.99
Robert Garrett,Microsoft Error Reporting,,,Robert‚Äôs MacBook Pro,Mac,/Applications/Microsoft Outlook.app/Contents/SharedSupport/Microsoft Error Reporting.app,Identified Developer,,com.microsoft.errorreporting,16.98.25061520,"Developer ID Application: Microsoft Corporation (UBF8T346G9), Developer ID Certification Authority, Apple Root CA",16.98.1
Robert Garrett,Microsoft Error Reporting,,,Robert‚Äôs MacBook Pro,Mac,/Applications/Microsoft PowerPoint.app/Contents/SharedSupport/Microsoft Error Reporting.app,Identified Developer,,com.microsoft.errorreporting,16.99.25070625,"Developer ID Application: Microsoft Corporation (UBF8T346G9), Developer ID Certification Authority, Apple Root CA",16.99
Robert Garrett,Microsoft Error Reporting,,,Robert‚Äôs MacBook Pro,Mac,/Applications/Microsoft Word.app/Contents/SharedSupport/Microsoft Error Reporting.app,Identified Developer,,com.microsoft.errorreporting,16.99.25070625,"Developer ID Application: Microsoft Corporation (UBF8T346G9), Developer ID Certification Authority, Apple Root CA",16.99
Robert Garrett,Microsoft Error Reporting,,,Robert‚Äôs MacBook Pro,Mac,/Applications/OneDrive.app/Contents/Microsoft SharePoint.app/Contents/SharedSupport/Microsoft Error Reporting.app,Identified Developer,,com.microsoft.errorreporting,16.96.10011001,"Developer ID Application: Microsoft Corporation (UBF8T346G9), Developer ID Certification Authority, Apple Root CA",16.96
Robert Garrett,Microsoft Error Reporting,,,Robert‚Äôs MacBook Pro,Mac,/Applications/OneDrive.app/Contents/SharedSupport/Microsoft Error Reporting.app,Identified Developer,,com.microsoft.errorreporting,16.96.10011001,"Developer ID Application: Microsoft Corporation (UBF8T346G9), Developer ID Certification Authority, Apple Root CA",16.96
Robert Garrett,Microsoft Error Reporting,,,Robert‚Äôs MacBook Pro,Mac,/Library/Application Support/Microsoft/MAU2.0/Microsoft AutoUpdate.app/Contents/SharedSupport/Microsoft Error Reporting.app,Identified Developer,,com.microsoft.errorreporting,16.96.25033028,"Developer ID Application: Microsoft Corporation (UBF8T346G9), Developer ID Certification Authority, Apple Root CA",16.96
Robert Garrett,Microsoft Error Reporting,,,Robert‚Äôs MacBook Pro,Mac,/Library/Caches/com.microsoft.autoupdate.helper/Clones.noindex/Microsoft Outlook.app/Contents/SharedSupport/Microsoft Error Reporting.app,Identified Developer,,com.microsoft.errorreporting,16.99.25070625,"Developer ID Application: Microsoft Corporation (UBF8T346G9), Developer ID Certification Authority, Apple Root CA",16.99
Robert Garrett,Microsoft Excel,,,Robert‚Äôs MacBook Pro,Mac,/Applications/Microsoft Excel.app,Identified Developer,,com.microsoft.Excel,16.99.25070625,"Developer ID Application: Microsoft Corporation (UBF8T346G9), Developer ID Certification Authority, Apple Root CA",16.99
Robert Garrett,Microsoft OneNote,,,Robert‚Äôs MacBook Pro,Mac,/Applications/Microsoft OneNote.app,Identified Developer,,com.microsoft.onenote.mac,16.99.25070625,"Developer ID Application: Microsoft Corporation (UBF8T346G9), Developer ID Certification Authority, Apple Root CA",16.99
Robert Garrett,Microsoft Outlook,,,Robert‚Äôs MacBook Pro,Mac,/Applications/Microsoft Outlook.app,Identified Developer,,com.microsoft.Outlook,16.98.25061520,"Developer ID Application: Microsoft Corporation (UBF8T346G9), Developer ID Certification Authority, Apple Root CA",16.98.1
Robert Garrett,Microsoft Outlook,,,Robert‚Äôs MacBook Pro,Mac,/Library/Caches/com.microsoft.autoupdate.helper/Clones.noindex/Microsoft Outlook.app,Identified Developer,,com.microsoft.Outlook,16.99.25070625,"Developer ID Application: Microsoft Corporation (UBF8T346G9), Developer ID Certification Authority, Apple Root CA",16.99
Robert Garrett,Microsoft PowerPoint,,,Robert‚Äôs MacBook Pro,Mac,/Applications/Microsoft PowerPoint.app,Identified Developer,,com.microsoft.Powerpoint,16.99.25070625,"Developer ID Application: Microsoft Corporation (UBF8T346G9), Developer ID Certification Authority, Apple Root CA",16.99
Robert Garrett,Microsoft SharePoint,,,Robert‚Äôs MacBook Pro,Mac,/Applications/OneDrive.app/Contents/Microsoft SharePoint.app,Identified Developer,,com.microsoft.SharePoint-mac,25110.0608.0002,"Developer ID Application: Microsoft Corporation (UBF8T346G9), Developer ID Certification Authority, Apple Root CA",25.110.0608
Robert Garrett,Microsoft SharePoint,,,Robert‚Äôs MacBook Pro,Mac,/private/var/root/.Trash/OneDrive.app/Contents/Microsoft SharePoint.app,Identified Developer,,com.microsoft.SharePoint-mac,24086.0428.0003,"Developer ID Application: Microsoft Corporation (UBF8T346G9), Developer ID Certification Authority, Apple Root CA",24.086.0428
Robert Garrett,Microsoft Update Assistant,,,Robert‚Äôs MacBook Pro,Mac,/Library/Application Support/Microsoft/MAU2.0/Microsoft AutoUpdate.app/Contents/MacOS/Microsoft Update Assistant.app,Identified Developer,,com.microsoft.autoupdate.fba,4.79.25033028,"Developer ID Application: Microsoft Corporation (UBF8T346G9), Developer ID Certification Authority, Apple Root CA",4.79
Robert Garrett,Microsoft Word,,,Robert‚Äôs MacBook Pro,Mac,/Applications/Microsoft Word.app,Identified Developer,,com.microsoft.Word,16.99.25070625,"Developer ID Application: Microsoft Corporation (UBF8T346G9), Developer ID Certification Authority, Apple Root CA",16.99
Robert Garrett,Microsoft.Mashup.Container,,,Robert‚Äôs MacBook Pro,Mac,/Applications/Microsoft Excel.app/Contents/SharedSupport/Microsoft.Mashup.Container.app,Identified Developer,,com.microsoft.Microsoft-Mashup-Container,16.99,"Developer ID Application: Microsoft Corporation (UBF8T346G9), Developer ID Certification Authority, Apple Root CA",16.99
Robert Garrett,Migration Assistant,,,Robert‚Äôs MacBook Pro,Mac,/System/Applications/Utilities/Migration Assistant.app,Apple,,com.apple.MigrateAssistant,15.5,"Software Signing, Apple Code Signing Certification Authority, Apple Root CA",15.5
Robert Garrett,Miro,,,Robert‚Äôs MacBook Pro,Mac,/Applications/Miro.app,Identified Developer,,com.electron.realtimeboard,0.8.71,"Developer ID Application: Realtimeboard Inc. (M3GM7MFY7U), Developer ID Certification Authority, Apple Root CA",0.8.71
Robert Garrett,Miro Helper,,,Robert‚Äôs MacBook Pro,Mac,/Applications/Miro.app/Contents/Frameworks/Miro Helper.app,Identified Developer,,com.electron.realtimeboard.helper,0.8.71,"Developer ID Application: Realtimeboard Inc. (M3GM7MFY7U), Developer ID Certification Authority, Apple Root CA",0.8.71
Robert Garrett,Miro Helper (GPU),,,Robert‚Äôs MacBook Pro,Mac,/Applications/Miro.app/Contents/Frameworks/Miro Helper (GPU).app,Identified Developer,,com.electron.realtimeboard.helper,0.8.71,"Developer ID Application: Realtimeboard Inc. (M3GM7MFY7U), Developer ID Certification Authority, Apple Root CA",0.8.71
Robert Garrett,Miro Helper (Plugin),,,Robert‚Äôs MacBook Pro,Mac,/Applications/Miro.app/Contents/Frameworks/Miro Helper (Plugin).app,Identified Developer,,com.electron.realtimeboard.helper,0.8.71,"Developer ID Application: Realtimeboard Inc. (M3GM7MFY7U), Developer ID Certification Authority, Apple Root CA",0.8.71
Robert Garrett,Miro Helper (Renderer),,,Robert‚Äôs MacBook Pro,Mac,/Applications/Miro.app/Contents/Frameworks/Miro Helper (Renderer).app,Identified Developer,,com.electron.realtimeboard.helper,0.8.71,"Developer ID Application: Realtimeboard Inc. (M3GM7MFY7U), Developer ID Certification Authority, Apple Root CA",0.8.71
Robert Garrett,Mission Control,,,Robert‚Äôs MacBook Pro,Mac,/System/Applications/Mission Control.app,Apple,,com.apple.exposelauncher,61,"Software Signing, Apple Code Signing Certification Authority, Apple Root CA",1.2
Robert Garrett,MobileDeviceUpdater,,,Robert‚Äôs MacBook Pro,Mac,/Library/Apple/System/Library/PrivateFrameworks/MobileDevice.framework/Versions/A/Resources/MobileDeviceUpdater.app,Apple,,com.apple.MobileDeviceUpdater,1,"Software Signing, Apple Code Signing Certification Authority, Apple Root CA",1
Robert Garrett,MRT,,,Robert‚Äôs MacBook Pro,Mac,/Library/Apple/System/Library/CoreServices/MRT.app,Apple,,com.apple.MRT,1,"Software Signing, Apple Code Signing Certification Authority, Apple Root CA",1.93
Robert Garrett,Music,,,Robert‚Äôs MacBook Pro,Mac,/System/Applications/Music.app,Apple,,com.apple.Music,1.5.5,"Software Signing, Apple Code Signing Certification Authority, Apple Root CA",1.5.5
Robert Garrett,News,,,Robert‚Äôs MacBook Pro,Mac,/System/Applications/News.app,Apple,,com.apple.news,5681,"Software Signing, Apple Code Signing Certification Authority, Apple Root CA",10.4
Robert Garrett,Nightly,,,Robert‚Äôs MacBook Pro,Mac,/Users/rg/Library/Caches/ms-playwright/firefox-1475/firefox/Nightly.app,,,org.mozilla.nightly,13525.2.8,,135
Robert Garrett,Notes,,,Robert‚Äôs MacBook Pro,Mac,/System/Applications/Notes.app,Apple,,com.apple.Notes,2998.56,"Software Signing, Apple Code Signing Certification Authority, Apple Root CA",4.12.6
Robert Garrett,Numbers,,,Robert‚Äôs MacBook Pro,Mac,/Applications/Numbers.app,Mac App Store,,com.apple.iWork.Numbers,7043.0.93,"Apple Mac OS Application Signing, Apple Worldwide Developer Relations Certification Authority, Apple Root CA",14.4
Robert Garrett,OBS,,,Robert‚Äôs MacBook Pro,Mac,/Applications/OBS.app,Identified Developer,,com.obsproject.obs-studio,10411261559,"Developer ID Application: Wizards of OBS LLC (2MMRE5MTB8), Developer ID Certification Authority, Apple Root CA",30.2.3
Robert Garrett,OBS,,,Robert‚Äôs MacBook Pro,Mac,/opt/homebrew/Caskroom/obs/30.2.3/OBS.app,Identified Developer,,com.obsproject.obs-studio,10411261559,"Developer ID Application: Wizards of OBS LLC (2MMRE5MTB8), Developer ID Certification Authority, Apple Root CA",30.2.3
Robert Garrett,OBS Helper,,,Robert‚Äôs MacBook Pro,Mac,/Applications/OBS.app/Contents/Frameworks/OBS Helper.app,Identified Developer,,com.obsproject.obs-studio.helper,,"Developer ID Application: Wizards of OBS LLC (2MMRE5MTB8), Developer ID Certification Authority, Apple Root CA",
Robert Garrett,OBS Helper (GPU),,,Robert‚Äôs MacBook Pro,Mac,/Applications/OBS.app/Contents/Frameworks/OBS Helper (GPU).app,Identified Developer,,com.obsproject.obs-studio.helper.gpu,,"Developer ID Application: Wizards of OBS LLC (2MMRE5MTB8), Developer ID Certification Authority, Apple Root CA",
Robert Garrett,OBS Helper (Plugin),,,Robert‚Äôs MacBook Pro,Mac,/Applications/OBS.app/Contents/Frameworks/OBS Helper (Plugin).app,Identified Developer,,com.obsproject.obs-studio.helper.plugin,,"Developer ID Application: Wizards of OBS LLC (2MMRE5MTB8), Developer ID Certification Authority, Apple Root CA",
Robert Garrett,OBS Helper (Renderer),,,Robert‚Äôs MacBook Pro,Mac,/Applications/OBS.app/Contents/Frameworks/OBS Helper (Renderer).app,Identified Developer,,com.obsproject.obs-studio.helper.renderer,,"Developer ID Application: Wizards of OBS LLC (2MMRE5MTB8), Developer ID Certification Authority, Apple Root CA",
Robert Garrett,OneDrive,,,Robert‚Äôs MacBook Pro,Mac,/Applications/OneDrive.app,Identified Developer,,com.microsoft.OneDrive,25110.0608.0002,"Developer ID Application: Microsoft Corporation (UBF8T346G9), Developer ID Certification Authority, Apple Root CA",25.110.0608
Robert Garrett,OneDrive,,,Robert‚Äôs MacBook Pro,Mac,/private/var/root/.Trash/OneDrive.app,Identified Developer,,com.microsoft.OneDrive,24086.0428.0003,"Developer ID Application: Microsoft Corporation (UBF8T346G9), Developer ID Certification Authority, Apple Root CA",24.086.0428
Robert Garrett,OneDrive File Handler,,,Robert‚Äôs MacBook Pro,Mac,/Applications/OneDrive.app/Contents/OneDrive File Handler.app,Identified Developer,,com.microsoft.OneDrive.OneDriveFileHandler,25110.0608.0002,"Developer ID Application: Microsoft Corporation (UBF8T346G9), Developer ID Certification Authority, Apple Root CA",25.110.0608
Robert Garrett,OneDrive File Handler,,,Robert‚Äôs MacBook Pro,Mac,/private/var/root/.Trash/OneDrive.app/Contents/OneDrive File Handler.app,Identified Developer,,com.microsoft.OneDrive.OneDriveFileHandler,24086.0428.0003,"Developer ID Application: Microsoft Corporation (UBF8T346G9), Developer ID Certification Authority, Apple Root CA",24.086.0428
Robert Garrett,OneDrive File Launcher,,,Robert‚Äôs MacBook Pro,Mac,/private/var/root/.Trash/OneDrive.app/Contents/OneDrive File Launcher.app,Identified Developer,,com.microsoft.OneDrive.DownloadAndGo,24086.0428.0003,"Developer ID Application: Microsoft Corporation (UBF8T346G9), Developer ID Certification Authority, Apple Root CA",24.086.0428
Robert Garrett,OneDrive Launcher,,,Robert‚Äôs MacBook Pro,Mac,/Applications/OneDrive.app/Contents/Library/LoginItems/OneDrive Launcher.app,Identified Developer,,com.microsoft.OneDriveLauncher,25110.0608.0002,"Developer ID Application: Microsoft Corporation (UBF8T346G9), Developer ID Certification Authority, Apple Root CA",25.110.0608
Robert Garrett,OneDrive Launcher,,,Robert‚Äôs MacBook Pro,Mac,/private/var/root/.Trash/OneDrive.app/Contents/Library/LoginItems/OneDrive Launcher.app,Identified Developer,,com.microsoft.OneDriveLauncher,24086.0428.0003,"Developer ID Application: Microsoft Corporation (UBF8T346G9), Developer ID Certification Authority, Apple Root CA",24.086.0428
Robert Garrett,OneDrive Updater,,,Robert‚Äôs MacBook Pro,Mac,/Applications/OneDrive.app/Contents/OneDrive Updater.app,Identified Developer,,com.microsoft.OneDriveUpdater,25110.0608.0002,"Developer ID Application: Microsoft Corporation (UBF8T346G9), Developer ID Certification Authority, Apple Root CA",25.110.0608
Robert Garrett,OneDrive Updater,,,Robert‚Äôs MacBook Pro,Mac,/private/var/root/.Trash/OneDrive.app/Contents/OneDrive Updater.app,Identified Developer,,com.microsoft.OneDriveUpdater,24086.0428.0003,"Developer ID Application: Microsoft Corporation (UBF8T346G9), Developer ID Certification Authority, Apple Root CA",24.086.0428
Robert Garrett,Open XML for Excel,,,Robert‚Äôs MacBook Pro,Mac,/Applications/Microsoft PowerPoint.app/Contents/SharedSupport/Open XML for Excel.app,Identified Developer,,com.microsoft.openxml.excel.app,16.99.25070625,"Developer ID Application: Microsoft Corporation (UBF8T346G9), Developer ID Certification Authority, Apple Root CA",16.99
Robert Garrett,Open XML for Excel,,,Robert‚Äôs MacBook Pro,Mac,/Applications/Microsoft Word.app/Contents/SharedSupport/Open XML for Excel.app,Identified Developer,,com.microsoft.openxml.excel.app,16.99.25070625,"Developer ID Application: Microsoft Corporation (UBF8T346G9), Developer ID Certification Authority, Apple Root CA",16.99
Robert Garrett,Outlook Profile Manager,,,Robert‚Äôs MacBook Pro,Mac,/Applications/Microsoft Outlook.app/Contents/SharedSupport/Outlook Profile Manager.app,Identified Developer,,com.microsoft.outlook.profilemanager,16.98.25061520,"Developer ID Application: Microsoft Corporation (UBF8T346G9), Developer ID Certification Authority, Apple Root CA",16.98.1
Robert Garrett,Outlook Profile Manager,,,Robert‚Äôs MacBook Pro,Mac,/Library/Caches/com.microsoft.autoupdate.helper/Clones.noindex/Microsoft Outlook.app/Contents/SharedSupport/Outlook Profile Manager.app,Identified Developer,,com.microsoft.outlook.profilemanager,16.99.25070625,"Developer ID Application: Microsoft Corporation (UBF8T346G9), Developer ID Certification Authority, Apple Root CA",16.99
Robert Garrett,Pages,,,Robert‚Äôs MacBook Pro,Mac,/Applications/Pages.app,Mac App Store,,com.apple.iWork.Pages,7043.0.93,"Apple Mac OS Application Signing, Apple Worldwide Developer Relations Certification Authority, Apple Root CA",14.4
Robert Garrett,Passwords,,,Robert‚Äôs MacBook Pro,Mac,/System/Applications/Passwords.app,Apple,,com.apple.Passwords,20621.2.5.11.8,"Software Signing, Apple Code Signing Certification Authority, Apple Root CA",1.5
Robert Garrett,PasswordsMenuBarExtra,,,Robert‚Äôs MacBook Pro,Mac,/System/Applications/Passwords.app/Contents/Library/LoginItems/PasswordsMenuBarExtra.app,Apple,,com.apple.Passwords.MenuBarExtra,20621.2.5.11.8,"Software Signing, Apple Code Signing Certification Authority, Apple Root CA",18.5
Robert Garrett,PDF Expert,,,Robert‚Äôs MacBook Pro,Mac,/Applications/PDF Expert.app,Identified Developer,,com.readdle.PDFExpert-Mac,1112,"Developer ID Application: Readdle Technologies Limited (3L68KQB4HG), Developer ID Certification Authority, Apple Root CA",3.10.14
Robert Garrett,PDF Expert Installer,,,Robert‚Äôs MacBook Pro,Mac,/Users/rg/Downloads/PDF Expert Installer.app,Identified Developer,,com.readdle.PDFExpert-Installer,62,"Developer ID Application: Readdle Technologies Limited (3L68KQB4HG), Developer ID Certification Authority, Apple Root CA",1.4
Robert Garrett,Photo Booth,,,Robert‚Äôs MacBook Pro,Mac,/System/Applications/Photo Booth.app,Apple,,com.apple.PhotoBooth,1165,"Software Signing, Apple Code Signing Certification Authority, Apple Root CA",13.1
Robert Garrett,Photos,,,Robert‚Äôs MacBook Pro,Mac,/System/Applications/Photos.app,Apple,,com.apple.Photos,760.6.150,"Software Signing, Apple Code Signing Certification Authority, Apple Root CA",10
Robert Garrett,pixeltool,,,Robert‚Äôs MacBook Pro,Mac,/opt/homebrew/Cellar/qt@5/5.15.16_2/libexec/pixeltool.app,,,org.qt-project.pixeltool,,,
Robert Garrett,Playwright,,,Robert‚Äôs MacBook Pro,Mac,/Users/rg/Library/Caches/ms-playwright/webkit-2140/Playwright.app,,,org.webkit.Playwright,1,,1
Robert Garrett,plugin-container,,,Robert‚Äôs MacBook Pro,Mac,/Applications/Firefox.app/Contents/MacOS/plugin-container.app,Identified Developer,,org.mozilla.plugincontainer,1,"Developer ID Application: Mozilla Corporation (43AQ936H96), Developer ID Certification Authority, Apple Root CA",
Robert Garrett,plugin-container,,,Robert‚Äôs MacBook Pro,Mac,/Applications/Zotero.app/Contents/MacOS/plugin-container.app,Identified Developer,,org.mozilla.plugincontainer,1,"Developer ID Application: Corporation for Digital Scholarship (8LAYR367YV), Developer ID Certification Authority, Apple Root CA",
Robert Garrett,plugin-container,,,Robert‚Äôs MacBook Pro,Mac,/Users/rg/Library/Caches/Mozilla/updates/Applications/Firefox/updates/0/Updated.app/Contents/MacOS/plugin-container.app,Identified Developer,,org.mozilla.plugincontainer,1,"Developer ID Application: Mozilla Corporation (43AQ936H96), Developer ID Certification Authority, Apple Root CA",
Robert Garrett,plugin-container,,,Robert‚Äôs MacBook Pro,Mac,/Users/rg/Library/Caches/ms-playwright/firefox-1475/firefox/Nightly.app/Contents/MacOS/plugin-container.app,,,org.mozilla.plugincontainer,1,,
Robert Garrett,Podcasts,,,Robert‚Äôs MacBook Pro,Mac,/System/Applications/Podcasts.app,Apple,,com.apple.podcasts,4024.600.7,"Software Signing, Apple Code Signing Certification Authority, Apple Root CA",1.1.0
Robert Garrett,Postgres,,,Robert‚Äôs MacBook Pro,Mac,/Applications/Postgres.app,Identified Developer,,com.postgresapp.Postgres2,278,"Developer ID Application: Jakob Egger (ZF84SJ5A3G), Developer ID Certification Authority, Apple Root CA",2.7.8
Robert Garrett,Postgres,,,Robert‚Äôs MacBook Pro,Mac,"/opt/homebrew/Caskroom/postgres-unofficial/2.7.8,12-13-14-15-16-17/Postgres.app",Identified Developer,,com.postgresapp.Postgres2,278,"Developer ID Application: Jakob Egger (ZF84SJ5A3G), Developer ID Certification Authority, Apple Root CA",2.7.8
Robert Garrett,PostgresLoginHelper,,,Robert‚Äôs MacBook Pro,Mac,/Applications/Postgres.app/Contents/Library/LoginItems/PostgresLoginHelper.app,Identified Developer,,com.postgresapp.Postgres2LoginHelper,278,"Developer ID Application: Jakob Egger (ZF84SJ5A3G), Developer ID Certification Authority, Apple Root CA",2.7.8
Robert Garrett,PostgresMenuHelper,,,Robert‚Äôs MacBook Pro,Mac,/Applications/Postgres.app/Contents/MacOS/PostgresMenuHelper.app,Identified Developer,,com.postgresapp.Postgres2MenuHelper,278,"Developer ID Application: Jakob Egger (ZF84SJ5A3G), Developer ID Certification Authority, Apple Root CA",2.7.8
Robert Garrett,Preview,,,Robert‚Äôs MacBook Pro,Mac,/System/Applications/Preview.app,Apple,,com.apple.Preview,1069.5.2,"Software Signing, Apple Code Signing Certification Authority, Apple Root CA",11
Robert Garrett,Print Center,,,Robert‚Äôs MacBook Pro,Mac,/System/Applications/Utilities/Print Center.app,Apple,,com.apple.printcenter,12.3,"Software Signing, Apple Code Signing Certification Authority, Apple Root CA",1
Robert Garrett,PyCharm,,,Robert‚Äôs MacBook Pro,Mac,/Applications/PyCharm.app,Identified Developer,,com.jetbrains.pycharm,PY-232.10319.12,"Developer ID Application: JetBrains s.r.o. (2ZEFAR8TH3), Developer ID Certification Authority, Apple Root CA",2023.2.7
Robert Garrett,Python,,,Robert‚Äôs MacBook Pro,Mac,/Applications/GIMP.app/Contents/Resources/Library/Frameworks/Python.framework/Versions/3.10/Resources/Python.app,Identified Developer,,org.python.python,3.10.16,"Developer ID Application: GNOME Foundation (T25BQ8HSJF), Developer ID Certification Authority, Apple Root CA",3.10.16
Robert Garrett,Python,,,Robert‚Äôs MacBook Pro,Mac,/Applications/Xcode.app/Contents/Developer/Library/Frameworks/Python3.framework/Versions/3.9/Resources/Python.app,Apple,,com.apple.python3,3.9.6,"Software Signing, Apple Code Signing Certification Authority, Apple Root CA",3.9.6
Robert Garrett,Python,,,Robert‚Äôs MacBook Pro,Mac,/Library/Developer/CommandLineTools/Library/Frameworks/Python3.framework/Versions/3.9/Resources/Python.app,Apple,,com.apple.python3,3.9.6,"Software Signing, Apple Code Signing Certification Authority, Apple Root CA",3.9.6
Robert Garrett,Python,,,Robert‚Äôs MacBook Pro,Mac,/opt/homebrew/Cellar/python@3.12/3.12.10/Frameworks/Python.framework/Versions/3.12/Resources/Python.app,,,org.python.python,3.12.10,,3.12.10
Robert Garrett,Python,,,Robert‚Äôs MacBook Pro,Mac,/opt/homebrew/Cellar/python@3.13/3.13.3/Frameworks/Python.framework/Versions/3.13/Resources/Python.app,,,org.python.python,3.13.3,,3.13.3
Robert Garrett,Python Launcher 3,,,Robert‚Äôs MacBook Pro,Mac,/opt/homebrew/Cellar/python@3.12/3.12.10/Python Launcher 3.app,,,org.python.PythonLauncher,3.12.10,,3.12.10
Robert Garrett,Python Launcher 3,,,Robert‚Äôs MacBook Pro,Mac,/opt/homebrew/Cellar/python@3.13/3.13.3/Python Launcher 3.app,,,org.python.PythonLauncher,3.13.3,,3.13.3
Robert Garrett,qdbusviewer,,,Robert‚Äôs MacBook Pro,Mac,/opt/homebrew/Cellar/qt@5/5.15.16_2/libexec/qdbusviewer.app,,,org.qt-project.dbusviewer,,,
Robert Garrett,qml,,,Robert‚Äôs MacBook Pro,Mac,/opt/homebrew/Cellar/qt@5/5.15.16_2/libexec/qml.app,,,org.qt-project.qml,,,
Robert Garrett,QtWebEngineProcess,,,Robert‚Äôs MacBook Pro,Mac,/opt/homebrew/Cellar/qt@5/5.15.16_2/lib/QtWebEngineCore.framework/Versions/5/Helpers/QtWebEngineProcess.app,,,org.qt-project.Qt.QtWebEngineProcess,,,
Robert Garrett,QuickTime Player,,,Robert‚Äôs MacBook Pro,Mac,/System/Applications/QuickTime Player.app,Apple,,com.apple.QuickTimePlayerX,1216.2,"Software Signing, Apple Code Signing Certification Authority, Apple Root CA",10.5
Robert Garrett,Razer macOS,,,Robert‚Äôs MacBook Pro,Mac,/Applications/Razer macOS.app,,,com.electron.razer-macos,0.4.10,,0.4.10
Robert Garrett,Razer macOS Helper,,,Robert‚Äôs MacBook Pro,Mac,/Applications/Razer macOS.app/Contents/Frameworks/Razer macOS Helper.app,,,com.electron.razer-macos.helper,0.4.10,,
Robert Garrett,Razer macOS Helper (GPU),,,Robert‚Äôs MacBook Pro,Mac,/Applications/Razer macOS.app/Contents/Frameworks/Razer macOS Helper (GPU).app,,,com.electron.razer-macos.helper.GPU,0.4.10,,
Robert Garrett,Razer macOS Helper (Plugin),,,Robert‚Äôs MacBook Pro,Mac,/Applications/Razer macOS.app/Contents/Frameworks/Razer macOS Helper (Plugin).app,,,com.electron.razer-macos.helper.Plugin,0.4.10,,
Robert Garrett,Razer macOS Helper (Renderer),,,Robert‚Äôs MacBook Pro,Mac,/Applications/Razer macOS.app/Contents/Frameworks/Razer macOS Helper (Renderer).app,,,com.electron.razer-macos.helper.Renderer,0.4.10,,
Robert Garrett,Reality Composer Pro,,,Robert‚Äôs MacBook Pro,Mac,/Applications/Xcode.app/Contents/Applications/Reality Composer Pro.app,Apple,,com.apple.RealityComposerPro,448.120.2,"Software Signing, Apple Code Signing Certification Authority, Apple Root CA",2
Robert Garrett,Recursive File Processing Droplet,,,Robert‚Äôs MacBook Pro,Mac,/Library/Application Support/Script Editor/Templates/Droplets/Recursive File Processing Droplet.app,,,com.apple.ScriptEditor.id.file-processing-droplet-template,,,1
Robert Garrett,Recursive Image File Processing Droplet,,,Robert‚Äôs MacBook Pro,Mac,/Library/Application Support/Script Editor/Templates/Droplets/Recursive Image File Processing Droplet.app,,,com.apple.ScriptEditor.id.image-file-processing-droplet-template,,,1
Robert Garrett,Reminders,,,Robert‚Äôs MacBook Pro,Mac,/System/Applications/Reminders.app,Apple,,com.apple.reminders,3738,"Software Signing, Apple Code Signing Certification Authority, Apple Root CA",7
Robert Garrett,Safari,,,Robert‚Äôs MacBook Pro,Mac,/Applications/Safari.app,Apple,,com.apple.Safari,20621.2.5.11.8,"Software Signing, Apple Code Signing Certification Authority, Apple Root CA",18.5
Robert Garrett,Screen Sharing,,,Robert‚Äôs MacBook Pro,Mac,/System/Applications/Utilities/Screen Sharing.app,Apple,,com.apple.ScreenSharing,714.5.1,"Software Signing, Apple Code Signing Certification Authority, Apple Root CA",5.3
Robert Garrett,Screenshot,,,Robert‚Äôs MacBook Pro,Mac,/System/Applications/Utilities/Screenshot.app,Apple,,com.apple.screenshot.launcher,61,"Software Signing, Apple Code Signing Certification Authority, Apple Root CA",1
Robert Garrett,Script Editor,,,Robert‚Äôs MacBook Pro,Mac,/System/Applications/Utilities/Script Editor.app,Apple,,com.apple.ScriptEditor2,231,"Software Signing, Apple Code Signing Certification Authority, Apple Root CA",2.11
Robert Garrett,Shortcuts,,,Robert‚Äôs MacBook Pro,Mac,/System/Applications/Shortcuts.app,Apple,,com.apple.shortcuts,3607.0.2,"Software Signing, Apple Code Signing Certification Authority, Apple Root CA",7
Robert Garrett,Simulator,,,Robert‚Äôs MacBook Pro,Mac,/Applications/Xcode.app/Contents/Developer/Applications/Simulator.app,Apple,,com.apple.iphonesimulator,1042.1,"Software Signing, Apple Code Signing Certification Authority, Apple Root CA",16
Robert Garrett,Siri,,,Robert‚Äôs MacBook Pro,Mac,/System/Applications/Siri.app,Apple,,com.apple.siri.launcher,61,"Software Signing, Apple Code Signing Certification Authority, Apple Root CA",1
Robert Garrett,Slack,,,Robert‚Äôs MacBook Pro,Mac,/Applications/Slack.app,Identified Developer,,com.tinyspeck.slackmacgap,444000065,"Developer ID Application: SLACK TECHNOLOGIES L.L.C. (BQR82RBBHL), Developer ID Certification Authority, Apple Root CA",4.44.65
Robert Garrett,Slack,,,Robert‚Äôs MacBook Pro,Mac,/Users/rg/Library/Caches/com.tinyspeck.slackmacgap.ShipIt/update.0uhkOM7/Slack.app,Identified Developer,,com.tinyspeck.slackmacgap,444000065,"Developer ID Application: SLACK TECHNOLOGIES L.L.C. (BQR82RBBHL), Developer ID Certification Authority, Apple Root CA",4.44.65
Robert Garrett,Slack,,,Robert‚Äôs MacBook Pro,Mac,/Users/rg/Library/Caches/com.tinyspeck.slackmacgap.ShipIt/update.1513R4K/Slack.app,Identified Developer,,com.tinyspeck.slackmacgap,444000065,"Developer ID Application: SLACK TECHNOLOGIES L.L.C. (BQR82RBBHL), Developer ID Certification Authority, Apple Root CA",4.44.65
Robert Garrett,Slack,,,Robert‚Äôs MacBook Pro,Mac,/Users/rg/Library/Caches/com.tinyspeck.slackmacgap.ShipIt/update.1iUkWot/Slack.app,Identified Developer,,com.tinyspeck.slackmacgap,444000065,"Developer ID Application: SLACK TECHNOLOGIES L.L.C. (BQR82RBBHL), Developer ID Certification Authority, Apple Root CA",4.44.65
Robert Garrett,Slack,,,Robert‚Äôs MacBook Pro,Mac,/Users/rg/Library/Caches/com.tinyspeck.slackmacgap.ShipIt/update.1wdiibC/Slack.app,Identified Developer,,com.tinyspeck.slackmacgap,444000065,"Developer ID Application: SLACK TECHNOLOGIES L.L.C. (BQR82RBBHL), Developer ID Certification Authority, Apple Root CA",4.44.65
Robert Garrett,Slack,,,Robert‚Äôs MacBook Pro,Mac,/Users/rg/Library/Caches/com.tinyspeck.slackmacgap.ShipIt/update.1wHcZPI/Slack.app,Identified Developer,,com.tinyspeck.slackmacgap,444000065,"Developer ID Application: SLACK TECHNOLOGIES L.L.C. (BQR82RBBHL), Developer ID Certification Authority, Apple Root CA",4.44.65
Robert Garrett,Slack,,,Robert‚Äôs MacBook Pro,Mac,/Users/rg/Library/Caches/com.tinyspeck.slackmacgap.ShipIt/update.2vcPKnE/Slack.app,Identified Developer,,com.tinyspeck.slackmacgap,444000065,"Developer ID Application: SLACK TECHNOLOGIES L.L.C. (BQR82RBBHL), Developer ID Certification Authority, Apple Root CA",4.44.65
Robert Garrett,Slack,,,Robert‚Äôs MacBook Pro,Mac,/Users/rg/Library/Caches/com.tinyspeck.slackmacgap.ShipIt/update.3HZXR0i/Slack.app,Identified Developer,,com.tinyspeck.slackmacgap,444000065,"Developer ID Application: SLACK TECHNOLOGIES L.L.C. (BQR82RBBHL), Developer ID Certification Authority, Apple Root CA",4.44.65
Robert Garrett,Slack,,,Robert‚Äôs MacBook Pro,Mac,/Users/rg/Library/Caches/com.tinyspeck.slackmacgap.ShipIt/update.3iuAxbm/Slack.app,Identified Developer,,com.tinyspeck.slackmacgap,444000065,"Developer ID Application: SLACK TECHNOLOGIES L.L.C. (BQR82RBBHL), Developer ID Certification Authority, Apple Root CA",4.44.65
Robert Garrett,Slack,,,Robert‚Äôs MacBook Pro,Mac,/Users/rg/Library/Caches/com.tinyspeck.slackmacgap.ShipIt/update.4m2qVxx/Slack.app,Identified Developer,,com.tinyspeck.slackmacgap,444000065,"Developer ID Application: SLACK TECHNOLOGIES L.L.C. (BQR82RBBHL), Developer ID Certification Authority, Apple Root CA",4.44.65
Robert Garrett,Slack,,,Robert‚Äôs MacBook Pro,Mac,/Users/rg/Library/Caches/com.tinyspeck.slackmacgap.ShipIt/update.4SW2USu/Slack.app,Identified Developer,,com.tinyspeck.slackmacgap,444000065,"Developer ID Application: SLACK TECHNOLOGIES L.L.C. (BQR82RBBHL), Developer ID Certification Authority, Apple Root CA",4.44.65
Robert Garrett,Slack,,,Robert‚Äôs MacBook Pro,Mac,/Users/rg/Library/Caches/com.tinyspeck.slackmacgap.ShipIt/update.5bcD0mF/Slack.app,Identified Developer,,com.tinyspeck.slackmacgap,444000065,"Developer ID Application: SLACK TECHNOLOGIES L.L.C. (BQR82RBBHL), Developer ID Certification Authority, Apple Root CA",4.44.65
Robert Garrett,Slack,,,Robert‚Äôs MacBook Pro,Mac,/Users/rg/Library/Caches/com.tinyspeck.slackmacgap.ShipIt/update.5eMHkBp/Slack.app,Identified Developer,,com.tinyspeck.slackmacgap,444000065,"Developer ID Application: SLACK TECHNOLOGIES L.L.C. (BQR82RBBHL), Developer ID Certification Authority, Apple Root CA",4.44.65
Robert Garrett,Slack,,,Robert‚Äôs MacBook Pro,Mac,/Users/rg/Library/Caches/com.tinyspeck.slackmacgap.ShipIt/update.5VubLAC/Slack.app,Identified Developer,,com.tinyspeck.slackmacgap,444000065,"Developer ID Application: SLACK TECHNOLOGIES L.L.C. (BQR82RBBHL), Developer ID Certification Authority, Apple Root CA",4.44.65
Robert Garrett,Slack,,,Robert‚Äôs MacBook Pro,Mac,/Users/rg/Library/Caches/com.tinyspeck.slackmacgap.ShipIt/update.60cGrcn/Slack.app,Identified Developer,,com.tinyspeck.slackmacgap,444000065,"Developer ID Application: SLACK TECHNOLOGIES L.L.C. (BQR82RBBHL), Developer ID Certification Authority, Apple Root CA",4.44.65
Robert Garrett,Slack,,,Robert‚Äôs MacBook Pro,Mac,/Users/rg/Library/Caches/com.tinyspeck.slackmacgap.ShipIt/update.77viFcg/Slack.app,Identified Developer,,com.tinyspeck.slackmacgap,444000065,"Developer ID Application: SLACK TECHNOLOGIES L.L.C. (BQR82RBBHL), Developer ID Certification Authority, Apple Root CA",4.44.65
Robert Garrett,Slack,,,Robert‚Äôs MacBook Pro,Mac,/Users/rg/Library/Caches/com.tinyspeck.slackmacgap.ShipIt/update.7gD7A8z/Slack.app,Identified Developer,,com.tinyspeck.slackmacgap,444000065,"Developer ID Application: SLACK TECHNOLOGIES L.L.C. (BQR82RBBHL), Developer ID Certification Authority, Apple Root CA",4.44.65
Robert Garrett,Slack,,,Robert‚Äôs MacBook Pro,Mac,/Users/rg/Library/Caches/com.tinyspeck.slackmacgap.ShipIt/update.7NQAh1n/Slack.app,Identified Developer,,com.tinyspeck.slackmacgap,444000065,"Developer ID Application: SLACK TECHNOLOGIES L.L.C. (BQR82RBBHL), Developer ID Certification Authority, Apple Root CA",4.44.65
Robert Garrett,Slack,,,Robert‚Äôs MacBook Pro,Mac,/Users/rg/Library/Caches/com.tinyspeck.slackmacgap.ShipIt/update.7qKDW4B/Slack.app,Identified Developer,,com.tinyspeck.slackmacgap,444000065,"Developer ID Application: SLACK TECHNOLOGIES L.L.C. (BQR82RBBHL), Developer ID Certification Authority, Apple Root CA",4.44.65
Robert Garrett,Slack,,,Robert‚Äôs MacBook Pro,Mac,/Users/rg/Library/Caches/com.tinyspeck.slackmacgap.ShipIt/update.8P0THAu/Slack.app,Identified Developer,,com.tinyspeck.slackmacgap,444000065,"Developer ID Application: SLACK TECHNOLOGIES L.L.C. (BQR82RBBHL), Developer ID Certification Authority, Apple Root CA",4.44.65
Robert Garrett,Slack,,,Robert‚Äôs MacBook Pro,Mac,/Users/rg/Library/Caches/com.tinyspeck.slackmacgap.ShipIt/update.8RTVjO4/Slack.app,Identified Developer,,com.tinyspeck.slackmacgap,444000065,"Developer ID Application: SLACK TECHNOLOGIES L.L.C. (BQR82RBBHL), Developer ID Certification Authority, Apple Root CA",4.44.65
Robert Garrett,Slack,,,Robert‚Äôs MacBook Pro,Mac,/Users/rg/Library/Caches/com.tinyspeck.slackmacgap.ShipIt/update.99Shh7U/Slack.app,Identified Developer,,com.tinyspeck.slackmacgap,444000065,"Developer ID Application: SLACK TECHNOLOGIES L.L.C. (BQR82RBBHL), Developer ID Certification Authority, Apple Root CA",4.44.65
Robert Garrett,Slack,,,Robert‚Äôs MacBook Pro,Mac,/Users/rg/Library/Caches/com.tinyspeck.slackmacgap.ShipIt/update.9tqOj5S/Slack.app,Identified Developer,,com.tinyspeck.slackmacgap,444000065,"Developer ID Application: SLACK TECHNOLOGIES L.L.C. (BQR82RBBHL), Developer ID Certification Authority, Apple Root CA",4.44.65
Robert Garrett,Slack,,,Robert‚Äôs MacBook Pro,Mac,/Users/rg/Library/Caches/com.tinyspeck.slackmacgap.ShipIt/update.ap3ti8r/Slack.app,Identified Developer,,com.tinyspeck.slackmacgap,444000065,"Developer ID Application: SLACK TECHNOLOGIES L.L.C. (BQR82RBBHL), Developer ID Certification Authority, Apple Root CA",4.44.65
Robert Garrett,Slack,,,Robert‚Äôs MacBook Pro,Mac,/Users/rg/Library/Caches/com.tinyspeck.slackmacgap.ShipIt/update.b8f4Jzu/Slack.app,Identified Developer,,com.tinyspeck.slackmacgap,444000065,"Developer ID Application: SLACK TECHNOLOGIES L.L.C. (BQR82RBBHL), Developer ID Certification Authority, Apple Root CA",4.44.65
Robert Garrett,Slack,,,Robert‚Äôs MacBook Pro,Mac,/Users/rg/Library/Caches/com.tinyspeck.slackmacgap.ShipIt/update.cEnwrBM/Slack.app,Identified Developer,,com.tinyspeck.slackmacgap,444000065,"Developer ID Application: SLACK TECHNOLOGIES L.L.C. (BQR82RBBHL), Developer ID Certification Authority, Apple Root CA",4.44.65
Robert Garrett,Slack,,,Robert‚Äôs MacBook Pro,Mac,/Users/rg/Library/Caches/com.tinyspeck.slackmacgap.ShipIt/update.cqhvWtw/Slack.app,Identified Developer,,com.tinyspeck.slackmacgap,444000065,"Developer ID Application: SLACK TECHNOLOGIES L.L.C. (BQR82RBBHL), Developer ID Certification Authority, Apple Root CA",4.44.65
Robert Garrett,Slack,,,Robert‚Äôs MacBook Pro,Mac,/Users/rg/Library/Caches/com.tinyspeck.slackmacgap.ShipIt/update.DAEpTfr/Slack.app,Identified Developer,,com.tinyspeck.slackmacgap,444000065,"Developer ID Application: SLACK TECHNOLOGIES L.L.C. (BQR82RBBHL), Developer ID Certification Authority, Apple Root CA",4.44.65
Robert Garrett,Slack,,,Robert‚Äôs MacBook Pro,Mac,/Users/rg/Library/Caches/com.tinyspeck.slackmacgap.ShipIt/update.DHWCzJp/Slack.app,Identified Developer,,com.tinyspeck.slackmacgap,444000065,"Developer ID Application: SLACK TECHNOLOGIES L.L.C. (BQR82RBBHL), Developer ID Certification Authority, Apple Root CA",4.44.65
Robert Garrett,Slack,,,Robert‚Äôs MacBook Pro,Mac,/Users/rg/Library/Caches/com.tinyspeck.slackmacgap.ShipIt/update.dSLpQUP/Slack.app,Identified Developer,,com.tinyspeck.slackmacgap,444000065,"Developer ID Application: SLACK TECHNOLOGIES L.L.C. (BQR82RBBHL), Developer ID Certification Authority, Apple Root CA",4.44.65
Robert Garrett,Slack,,,Robert‚Äôs MacBook Pro,Mac,/Users/rg/Library/Caches/com.tinyspeck.slackmacgap.ShipIt/update.EivlUt0/Slack.app,Identified Developer,,com.tinyspeck.slackmacgap,444000065,"Developer ID Application: SLACK TECHNOLOGIES L.L.C. (BQR82RBBHL), Developer ID Certification Authority, Apple Root CA",4.44.65
Robert Garrett,Slack,,,Robert‚Äôs MacBook Pro,Mac,/Users/rg/Library/Caches/com.tinyspeck.slackmacgap.ShipIt/update.ELWrhT3/Slack.app,Identified Developer,,com.tinyspeck.slackmacgap,444000065,"Developer ID Application: SLACK TECHNOLOGIES L.L.C. (BQR82RBBHL), Developer ID Certification Authority, Apple Root CA",4.44.65
Robert Garrett,Slack,,,Robert‚Äôs MacBook Pro,Mac,/Users/rg/Library/Caches/com.tinyspeck.slackmacgap.ShipIt/update.eqItqs2/Slack.app,Identified Developer,,com.tinyspeck.slackmacgap,444000065,"Developer ID Application: SLACK TECHNOLOGIES L.L.C. (BQR82RBBHL), Developer ID Certification Authority, Apple Root CA",4.44.65
Robert Garrett,Slack,,,Robert‚Äôs MacBook Pro,Mac,/Users/rg/Library/Caches/com.tinyspeck.slackmacgap.ShipIt/update.F1EvgVo/Slack.app,Identified Developer,,com.tinyspeck.slackmacgap,444000065,"Developer ID Application: SLACK TECHNOLOGIES L.L.C. (BQR82RBBHL), Developer ID Certification Authority, Apple Root CA",4.44.65
Robert Garrett,Slack,,,Robert‚Äôs MacBook Pro,Mac,/Users/rg/Library/Caches/com.tinyspeck.slackmacgap.ShipIt/update.f3Vqyge/Slack.app,Identified Developer,,com.tinyspeck.slackmacgap,444000065,"Developer ID Application: SLACK TECHNOLOGIES L.L.C. (BQR82RBBHL), Developer ID Certification Authority, Apple Root CA",4.44.65
Robert Garrett,Slack,,,Robert‚Äôs MacBook Pro,Mac,/Users/rg/Library/Caches/com.tinyspeck.slackmacgap.ShipIt/update.fhfeyzr/Slack.app,Identified Developer,,com.tinyspeck.slackmacgap,444000065,"Developer ID Application: SLACK TECHNOLOGIES L.L.C. (BQR82RBBHL), Developer ID Certification Authority, Apple Root CA",4.44.65
Robert Garrett,Slack,,,Robert‚Äôs MacBook Pro,Mac,/Users/rg/Library/Caches/com.tinyspeck.slackmacgap.ShipIt/update.fi6RVmw/Slack.app,Identified Developer,,com.tinyspeck.slackmacgap,444000065,"Developer ID Application: SLACK TECHNOLOGIES L.L.C. (BQR82RBBHL), Developer ID Certification Authority, Apple Root CA",4.44.65
Robert Garrett,Slack,,,Robert‚Äôs MacBook Pro,Mac,/Users/rg/Library/Caches/com.tinyspeck.slackmacgap.ShipIt/update.FiCetou/Slack.app,Identified Developer,,com.tinyspeck.slackmacgap,444000065,"Developer ID Application: SLACK TECHNOLOGIES L.L.C. (BQR82RBBHL), Developer ID Certification Authority, Apple Root CA",4.44.65
Robert Garrett,Slack,,,Robert‚Äôs MacBook Pro,Mac,/Users/rg/Library/Caches/com.tinyspeck.slackmacgap.ShipIt/update.fkYpPFg/Slack.app,Identified Developer,,com.tinyspeck.slackmacgap,444000065,"Developer ID Application: SLACK TECHNOLOGIES L.L.C. (BQR82RBBHL), Developer ID Certification Authority, Apple Root CA",4.44.65
Robert Garrett,Slack,,,Robert‚Äôs MacBook Pro,Mac,/Users/rg/Library/Caches/com.tinyspeck.slackmacgap.ShipIt/update.FW6opSl/Slack.app,Identified Developer,,com.tinyspeck.slackmacgap,444000065,"Developer ID Application: SLACK TECHNOLOGIES L.L.C. (BQR82RBBHL), Developer ID Certification Authority, Apple Root CA",4.44.65
Robert Garrett,Slack,,,Robert‚Äôs MacBook Pro,Mac,/Users/rg/Library/Caches/com.tinyspeck.slackmacgap.ShipIt/update.G5T1xzs/Slack.app,Identified Developer,,com.tinyspeck.slackmacgap,444000065,"Developer ID Application: SLACK TECHNOLOGIES L.L.C. (BQR82RBBHL), Developer ID Certification Authority, Apple Root CA",4.44.65
Robert Garrett,Slack,,,Robert‚Äôs MacBook Pro,Mac,/Users/rg/Library/Caches/com.tinyspeck.slackmacgap.ShipIt/update.gDPyZXv/Slack.app,Identified Developer,,com.tinyspeck.slackmacgap,444000065,"Developer ID Application: SLACK TECHNOLOGIES L.L.C. (BQR82RBBHL), Developer ID Certification Authority, Apple Root CA",4.44.65
Robert Garrett,Slack,,,Robert‚Äôs MacBook Pro,Mac,/Users/rg/Library/Caches/com.tinyspeck.slackmacgap.ShipIt/update.gGfVjcg/Slack.app,Identified Developer,,com.tinyspeck.slackmacgap,444000065,"Developer ID Application: SLACK TECHNOLOGIES L.L.C. (BQR82RBBHL), Developer ID Certification Authority, Apple Root CA",4.44.65
Robert Garrett,Slack,,,Robert‚Äôs MacBook Pro,Mac,/Users/rg/Library/Caches/com.tinyspeck.slackmacgap.ShipIt/update.GjP0Axt/Slack.app,Identified Developer,,com.tinyspeck.slackmacgap,444000065,"Developer ID Application: SLACK TECHNOLOGIES L.L.C. (BQR82RBBHL), Developer ID Certification Authority, Apple Root CA",4.44.65
Robert Garrett,Slack,,,Robert‚Äôs MacBook Pro,Mac,/Users/rg/Library/Caches/com.tinyspeck.slackmacgap.ShipIt/update.hk5QmuQ/Slack.app,Identified Developer,,com.tinyspeck.slackmacgap,444000065,"Developer ID Application: SLACK TECHNOLOGIES L.L.C. (BQR82RBBHL), Developer ID Certification Authority, Apple Root CA",4.44.65
Robert Garrett,Slack,,,Robert‚Äôs MacBook Pro,Mac,/Users/rg/Library/Caches/com.tinyspeck.slackmacgap.ShipIt/update.hLw4Ir7/Slack.app,Identified Developer,,com.tinyspeck.slackmacgap,444000065,"Developer ID Application: SLACK TECHNOLOGIES L.L.C. (BQR82RBBHL), Developer ID Certification Authority, Apple Root CA",4.44.65
Robert Garrett,Slack,,,Robert‚Äôs MacBook Pro,Mac,/Users/rg/Library/Caches/com.tinyspeck.slackmacgap.ShipIt/update.hOLLKUF/Slack.app,Identified Developer,,com.tinyspeck.slackmacgap,444000065,"Developer ID Application: SLACK TECHNOLOGIES L.L.C. (BQR82RBBHL), Developer ID Certification Authority, Apple Root CA",4.44.65
Robert Garrett,Slack,,,Robert‚Äôs MacBook Pro,Mac,/Users/rg/Library/Caches/com.tinyspeck.slackmacgap.ShipIt/update.hsKvbds/Slack.app,Identified Developer,,com.tinyspeck.slackmacgap,444000065,"Developer ID Application: SLACK TECHNOLOGIES L.L.C. (BQR82RBBHL), Developer ID Certification Authority, Apple Root CA",4.44.65
Robert Garrett,Slack,,,Robert‚Äôs MacBook Pro,Mac,/Users/rg/Library/Caches/com.tinyspeck.slackmacgap.ShipIt/update.hx3iMj5/Slack.app,Identified Developer,,com.tinyspeck.slackmacgap,444000065,"Developer ID Application: SLACK TECHNOLOGIES L.L.C. (BQR82RBBHL), Developer ID Certification Authority, Apple Root CA",4.44.65
Robert Garrett,Slack,,,Robert‚Äôs MacBook Pro,Mac,/Users/rg/Library/Caches/com.tinyspeck.slackmacgap.ShipIt/update.I3zYqhg/Slack.app,Identified Developer,,com.tinyspeck.slackmacgap,444000065,"Developer ID Application: SLACK TECHNOLOGIES L.L.C. (BQR82RBBHL), Developer ID Certification Authority, Apple Root CA",4.44.65
Robert Garrett,Slack,,,Robert‚Äôs MacBook Pro,Mac,/Users/rg/Library/Caches/com.tinyspeck.slackmacgap.ShipIt/update.IMtv6yl/Slack.app,Identified Developer,,com.tinyspeck.slackmacgap,444000065,"Developer ID Application: SLACK TECHNOLOGIES L.L.C. (BQR82RBBHL), Developer ID Certification Authority, Apple Root CA",4.44.65
Robert Garrett,Slack,,,Robert‚Äôs MacBook Pro,Mac,/Users/rg/Library/Caches/com.tinyspeck.slackmacgap.ShipIt/update.IxJassT/Slack.app,Identified Developer,,com.tinyspeck.slackmacgap,444000065,"Developer ID Application: SLACK TECHNOLOGIES L.L.C. (BQR82RBBHL), Developer ID Certification Authority, Apple Root CA",4.44.65
Robert Garrett,Slack,,,Robert‚Äôs MacBook Pro,Mac,/Users/rg/Library/Caches/com.tinyspeck.slackmacgap.ShipIt/update.JXVP5Hd/Slack.app,Identified Developer,,com.tinyspeck.slackmacgap,444000065,"Developer ID Application: SLACK TECHNOLOGIES L.L.C. (BQR82RBBHL), Developer ID Certification Authority, Apple Root CA",4.44.65
Robert Garrett,Slack,,,Robert‚Äôs MacBook Pro,Mac,/Users/rg/Library/Caches/com.tinyspeck.slackmacgap.ShipIt/update.lfEs8U2/Slack.app,Identified Developer,,com.tinyspeck.slackmacgap,444000065,"Developer ID Application: SLACK TECHNOLOGIES L.L.C. (BQR82RBBHL), Developer ID Certification Authority, Apple Root CA",4.44.65
Robert Garrett,Slack,,,Robert‚Äôs MacBook Pro,Mac,/Users/rg/Library/Caches/com.tinyspeck.slackmacgap.ShipIt/update.ljYECPW/Slack.app,Identified Developer,,com.tinyspeck.slackmacgap,444000065,"Developer ID Application: SLACK TECHNOLOGIES L.L.C. (BQR82RBBHL), Developer ID Certification Authority, Apple Root CA",4.44.65
Robert Garrett,Slack,,,Robert‚Äôs MacBook Pro,Mac,/Users/rg/Library/Caches/com.tinyspeck.slackmacgap.ShipIt/update.MfHNlDn/Slack.app,Identified Developer,,com.tinyspeck.slackmacgap,444000065,"Developer ID Application: SLACK TECHNOLOGIES L.L.C. (BQR82RBBHL), Developer ID Certification Authority, Apple Root CA",4.44.65
Robert Garrett,Slack,,,Robert‚Äôs MacBook Pro,Mac,/Users/rg/Library/Caches/com.tinyspeck.slackmacgap.ShipIt/update.mj2hxzO/Slack.app,Identified Developer,,com.tinyspeck.slackmacgap,444000065,"Developer ID Application: SLACK TECHNOLOGIES L.L.C. (BQR82RBBHL), Developer ID Certification Authority, Apple Root CA",4.44.65
Robert Garrett,Slack,,,Robert‚Äôs MacBook Pro,Mac,/Users/rg/Library/Caches/com.tinyspeck.slackmacgap.ShipIt/update.mMFGnqq/Slack.app,Identified Developer,,com.tinyspeck.slackmacgap,444000065,"Developer ID Application: SLACK TECHNOLOGIES L.L.C. (BQR82RBBHL), Developer ID Certification Authority, Apple Root CA",4.44.65
Robert Garrett,Slack,,,Robert‚Äôs MacBook Pro,Mac,/Users/rg/Library/Caches/com.tinyspeck.slackmacgap.ShipIt/update.n2hmgDj/Slack.app,Identified Developer,,com.tinyspeck.slackmacgap,444000065,"Developer ID Application: SLACK TECHNOLOGIES L.L.C. (BQR82RBBHL), Developer ID Certification Authority, Apple Root CA",4.44.65
Robert Garrett,Slack,,,Robert‚Äôs MacBook Pro,Mac,/Users/rg/Library/Caches/com.tinyspeck.slackmacgap.ShipIt/update.NMY4Cez/Slack.app,Identified Developer,,com.tinyspeck.slackmacgap,444000065,"Developer ID Application: SLACK TECHNOLOGIES L.L.C. (BQR82RBBHL), Developer ID Certification Authority, Apple Root CA",4.44.65
Robert Garrett,Slack,,,Robert‚Äôs MacBook Pro,Mac,/Users/rg/Library/Caches/com.tinyspeck.slackmacgap.ShipIt/update.nO8bU4P/Slack.app,Identified Developer,,com.tinyspeck.slackmacgap,444000065,"Developer ID Application: SLACK TECHNOLOGIES L.L.C. (BQR82RBBHL), Developer ID Certification Authority, Apple Root CA",4.44.65
Robert Garrett,Slack,,,Robert‚Äôs MacBook Pro,Mac,/Users/rg/Library/Caches/com.tinyspeck.slackmacgap.ShipIt/update.nP1JVQG/Slack.app,Identified Developer,,com.tinyspeck.slackmacgap,444000065,"Developer ID Application: SLACK TECHNOLOGIES L.L.C. (BQR82RBBHL), Developer ID Certification Authority, Apple Root CA",4.44.65
Robert Garrett,Slack,,,Robert‚Äôs MacBook Pro,Mac,/Users/rg/Library/Caches/com.tinyspeck.slackmacgap.ShipIt/update.O79XVxf/Slack.app,Identified Developer,,com.tinyspeck.slackmacgap,444000065,"Developer ID Application: SLACK TECHNOLOGIES L.L.C. (BQR82RBBHL), Developer ID Certification Authority, Apple Root CA",4.44.65
Robert Garrett,Slack,,,Robert‚Äôs MacBook Pro,Mac,/Users/rg/Library/Caches/com.tinyspeck.slackmacgap.ShipIt/update.oqs4oiI/Slack.app,Identified Developer,,com.tinyspeck.slackmacgap,444000065,"Developer ID Application: SLACK TECHNOLOGIES L.L.C. (BQR82RBBHL), Developer ID Certification Authority, Apple Root CA",4.44.65
Robert Garrett,Slack,,,Robert‚Äôs MacBook Pro,Mac,/Users/rg/Library/Caches/com.tinyspeck.slackmacgap.ShipIt/update.OWIxUCH/Slack.app,Identified Developer,,com.tinyspeck.slackmacgap,444000065,"Developer ID Application: SLACK TECHNOLOGIES L.L.C. (BQR82RBBHL), Developer ID Certification Authority, Apple Root CA",4.44.65
Robert Garrett,Slack,,,Robert‚Äôs MacBook Pro,Mac,/Users/rg/Library/Caches/com.tinyspeck.slackmacgap.ShipIt/update.p25SrtR/Slack.app,Identified Developer,,com.tinyspeck.slackmacgap,444000065,"Developer ID Application: SLACK TECHNOLOGIES L.L.C. (BQR82RBBHL), Developer ID Certification Authority, Apple Root CA",4.44.65
Robert Garrett,Slack,,,Robert‚Äôs MacBook Pro,Mac,/Users/rg/Library/Caches/com.tinyspeck.slackmacgap.ShipIt/update.p7TzA9p/Slack.app,Identified Developer,,com.tinyspeck.slackmacgap,444000065,"Developer ID Application: SLACK TECHNOLOGIES L.L.C. (BQR82RBBHL), Developer ID Certification Authority, Apple Root CA",4.44.65
Robert Garrett,Slack,,,Robert‚Äôs MacBook Pro,Mac,/Users/rg/Library/Caches/com.tinyspeck.slackmacgap.ShipIt/update.pFKzq0a/Slack.app,Identified Developer,,com.tinyspeck.slackmacgap,444000065,"Developer ID Application: SLACK TECHNOLOGIES L.L.C. (BQR82RBBHL), Developer ID Certification Authority, Apple Root CA",4.44.65
Robert Garrett,Slack,,,Robert‚Äôs MacBook Pro,Mac,/Users/rg/Library/Caches/com.tinyspeck.slackmacgap.ShipIt/update.PkESxXk/Slack.app,Identified Developer,,com.tinyspeck.slackmacgap,444000065,"Developer ID Application: SLACK TECHNOLOGIES L.L.C. (BQR82RBBHL), Developer ID Certification Authority, Apple Root CA",4.44.65
Robert Garrett,Slack,,,Robert‚Äôs MacBook Pro,Mac,/Users/rg/Library/Caches/com.tinyspeck.slackmacgap.ShipIt/update.Pl1sMty/Slack.app,Identified Developer,,com.tinyspeck.slackmacgap,444000065,"Developer ID Application: SLACK TECHNOLOGIES L.L.C. (BQR82RBBHL), Developer ID Certification Authority, Apple Root CA",4.44.65
Robert Garrett,Slack,,,Robert‚Äôs MacBook Pro,Mac,/Users/rg/Library/Caches/com.tinyspeck.slackmacgap.ShipIt/update.r5GtW0d/Slack.app,Identified Developer,,com.tinyspeck.slackmacgap,444000065,"Developer ID Application: SLACK TECHNOLOGIES L.L.C. (BQR82RBBHL), Developer ID Certification Authority, Apple Root CA",4.44.65
Robert Garrett,Slack,,,Robert‚Äôs MacBook Pro,Mac,/Users/rg/Library/Caches/com.tinyspeck.slackmacgap.ShipIt/update.RBLXgtt/Slack.app,Identified Developer,,com.tinyspeck.slackmacgap,444000065,"Developer ID Application: SLACK TECHNOLOGIES L.L.C. (BQR82RBBHL), Developer ID Certification Authority, Apple Root CA",4.44.65
Robert Garrett,Slack,,,Robert‚Äôs MacBook Pro,Mac,/Users/rg/Library/Caches/com.tinyspeck.slackmacgap.ShipIt/update.Rl5Wjxg/Slack.app,Identified Developer,,com.tinyspeck.slackmacgap,444000065,"Developer ID Application: SLACK TECHNOLOGIES L.L.C. (BQR82RBBHL), Developer ID Certification Authority, Apple Root CA",4.44.65
Robert Garrett,Slack,,,Robert‚Äôs MacBook Pro,Mac,/Users/rg/Library/Caches/com.tinyspeck.slackmacgap.ShipIt/update.s6qVXWX/Slack.app,Identified Developer,,com.tinyspeck.slackmacgap,444000065,"Developer ID Application: SLACK TECHNOLOGIES L.L.C. (BQR82RBBHL), Developer ID Certification Authority, Apple Root CA",4.44.65
Robert Garrett,Slack,,,Robert‚Äôs MacBook Pro,Mac,/Users/rg/Library/Caches/com.tinyspeck.slackmacgap.ShipIt/update.sbPpVbf/Slack.app,Identified Developer,,com.tinyspeck.slackmacgap,444000065,"Developer ID Application: SLACK TECHNOLOGIES L.L.C. (BQR82RBBHL), Developer ID Certification Authority, Apple Root CA",4.44.65
Robert Garrett,Slack,,,Robert‚Äôs MacBook Pro,Mac,/Users/rg/Library/Caches/com.tinyspeck.slackmacgap.ShipIt/update.sbSyjQt/Slack.app,Identified Developer,,com.tinyspeck.slackmacgap,444000065,"Developer ID Application: SLACK TECHNOLOGIES L.L.C. (BQR82RBBHL), Developer ID Certification Authority, Apple Root CA",4.44.65
Robert Garrett,Slack,,,Robert‚Äôs MacBook Pro,Mac,/Users/rg/Library/Caches/com.tinyspeck.slackmacgap.ShipIt/update.sxyZn9U/Slack.app,Identified Developer,,com.tinyspeck.slackmacgap,444000065,"Developer ID Application: SLACK TECHNOLOGIES L.L.C. (BQR82RBBHL), Developer ID Certification Authority, Apple Root CA",4.44.65
Robert Garrett,Slack,,,Robert‚Äôs MacBook Pro,Mac,/Users/rg/Library/Caches/com.tinyspeck.slackmacgap.ShipIt/update.sYSUPVf/Slack.app,Identified Developer,,com.tinyspeck.slackmacgap,444000065,"Developer ID Application: SLACK TECHNOLOGIES L.L.C. (BQR82RBBHL), Developer ID Certification Authority, Apple Root CA",4.44.65
Robert Garrett,Slack,,,Robert‚Äôs MacBook Pro,Mac,/Users/rg/Library/Caches/com.tinyspeck.slackmacgap.ShipIt/update.T3lWuOV/Slack.app,Identified Developer,,com.tinyspeck.slackmacgap,444000065,"Developer ID Application: SLACK TECHNOLOGIES L.L.C. (BQR82RBBHL), Developer ID Certification Authority, Apple Root CA",4.44.65
Robert Garrett,Slack,,,Robert‚Äôs MacBook Pro,Mac,/Users/rg/Library/Caches/com.tinyspeck.slackmacgap.ShipIt/update.U7E5nYp/Slack.app,Identified Developer,,com.tinyspeck.slackmacgap,444000065,"Developer ID Application: SLACK TECHNOLOGIES L.L.C. (BQR82RBBHL), Developer ID Certification Authority, Apple Root CA",4.44.65
Robert Garrett,Slack,,,Robert‚Äôs MacBook Pro,Mac,/Users/rg/Library/Caches/com.tinyspeck.slackmacgap.ShipIt/update.uDprMdj/Slack.app,Identified Developer,,com.tinyspeck.slackmacgap,444000065,"Developer ID Application: SLACK TECHNOLOGIES L.L.C. (BQR82RBBHL), Developer ID Certification Authority, Apple Root CA",4.44.65
Robert Garrett,Slack,,,Robert‚Äôs MacBook Pro,Mac,/Users/rg/Library/Caches/com.tinyspeck.slackmacgap.ShipIt/update.UTWVDZu/Slack.app,Identified Developer,,com.tinyspeck.slackmacgap,444000065,"Developer ID Application: SLACK TECHNOLOGIES L.L.C. (BQR82RBBHL), Developer ID Certification Authority, Apple Root CA",4.44.65
Robert Garrett,Slack,,,Robert‚Äôs MacBook Pro,Mac,/Users/rg/Library/Caches/com.tinyspeck.slackmacgap.ShipIt/update.v3R6F4l/Slack.app,Identified Developer,,com.tinyspeck.slackmacgap,444000065,"Developer ID Application: SLACK TECHNOLOGIES L.L.C. (BQR82RBBHL), Developer ID Certification Authority, Apple Root CA",4.44.65
Robert Garrett,Slack,,,Robert‚Äôs MacBook Pro,Mac,/Users/rg/Library/Caches/com.tinyspeck.slackmacgap.ShipIt/update.VaaOhH6/Slack.app,Identified Developer,,com.tinyspeck.slackmacgap,444000065,"Developer ID Application: SLACK TECHNOLOGIES L.L.C. (BQR82RBBHL), Developer ID Certification Authority, Apple Root CA",4.44.65
Robert Garrett,Slack,,,Robert‚Äôs MacBook Pro,Mac,/Users/rg/Library/Caches/com.tinyspeck.slackmacgap.ShipIt/update.vwdu3vX/Slack.app,Identified Developer,,com.tinyspeck.slackmacgap,444000065,"Developer ID Application: SLACK TECHNOLOGIES L.L.C. (BQR82RBBHL), Developer ID Certification Authority, Apple Root CA",4.44.65
Robert Garrett,Slack,,,Robert‚Äôs MacBook Pro,Mac,/Users/rg/Library/Caches/com.tinyspeck.slackmacgap.ShipIt/update.WJD281m/Slack.app,Identified Developer,,com.tinyspeck.slackmacgap,444000065,"Developer ID Application: SLACK TECHNOLOGIES L.L.C. (BQR82RBBHL), Developer ID Certification Authority, Apple Root CA",4.44.65
Robert Garrett,Slack,,,Robert‚Äôs MacBook Pro,Mac,/Users/rg/Library/Caches/com.tinyspeck.slackmacgap.ShipIt/update.wUH8xgx/Slack.app,Identified Developer,,com.tinyspeck.slackmacgap,444000065,"Developer ID Application: SLACK TECHNOLOGIES L.L.C. (BQR82RBBHL), Developer ID Certification Authority, Apple Root CA",4.44.65
Robert Garrett,Slack,,,Robert‚Äôs MacBook Pro,Mac,/Users/rg/Library/Caches/com.tinyspeck.slackmacgap.ShipIt/update.wW4AIzg/Slack.app,Identified Developer,,com.tinyspeck.slackmacgap,444000065,"Developer ID Application: SLACK TECHNOLOGIES L.L.C. (BQR82RBBHL), Developer ID Certification Authority, Apple Root CA",4.44.65
Robert Garrett,Slack,,,Robert‚Äôs MacBook Pro,Mac,/Users/rg/Library/Caches/com.tinyspeck.slackmacgap.ShipIt/update.XBRWkxO/Slack.app,Identified Developer,,com.tinyspeck.slackmacgap,444000065,"Developer ID Application: SLACK TECHNOLOGIES L.L.C. (BQR82RBBHL), Developer ID Certification Authority, Apple Root CA",4.44.65
Robert Garrett,Slack,,,Robert‚Äôs MacBook Pro,Mac,/Users/rg/Library/Caches/com.tinyspeck.slackmacgap.ShipIt/update.xOcvF50/Slack.app,Identified Developer,,com.tinyspeck.slackmacgap,444000065,"Developer ID Application: SLACK TECHNOLOGIES L.L.C. (BQR82RBBHL), Developer ID Certification Authority, Apple Root CA",4.44.65
Robert Garrett,Slack,,,Robert‚Äôs MacBook Pro,Mac,/Users/rg/Library/Caches/com.tinyspeck.slackmacgap.ShipIt/update.yB2rIlL/Slack.app,Identified Developer,,com.tinyspeck.slackmacgap,444000065,"Developer ID Application: SLACK TECHNOLOGIES L.L.C. (BQR82RBBHL), Developer ID Certification Authority, Apple Root CA",4.44.65
Robert Garrett,Slack,,,Robert‚Äôs MacBook Pro,Mac,/Users/rg/Library/Caches/com.tinyspeck.slackmacgap.ShipIt/update.yi69MyA/Slack.app,Identified Developer,,com.tinyspeck.slackmacgap,444000065,"Developer ID Application: SLACK TECHNOLOGIES L.L.C. (BQR82RBBHL), Developer ID Certification Authority, Apple Root CA",4.44.65
Robert Garrett,Slack,,,Robert‚Äôs MacBook Pro,Mac,/Users/rg/Library/Caches/com.tinyspeck.slackmacgap.ShipIt/update.YLwKgVY/Slack.app,Identified Developer,,com.tinyspeck.slackmacgap,444000065,"Developer ID Application: SLACK TECHNOLOGIES L.L.C. (BQR82RBBHL), Developer ID Certification Authority, Apple Root CA",4.44.65
Robert Garrett,Slack,,,Robert‚Äôs MacBook Pro,Mac,/Users/rg/Library/Caches/com.tinyspeck.slackmacgap.ShipIt/update.YXTiVJf/Slack.app,Identified Developer,,com.tinyspeck.slackmacgap,444000065,"Developer ID Application: SLACK TECHNOLOGIES L.L.C. (BQR82RBBHL), Developer ID Certification Authority, Apple Root CA",4.44.65
Robert Garrett,Slack,,,Robert‚Äôs MacBook Pro,Mac,/Users/rg/Library/Caches/com.tinyspeck.slackmacgap.ShipIt/update.ZbdlrI9/Slack.app,Identified Developer,,com.tinyspeck.slackmacgap,444000065,"Developer ID Application: SLACK TECHNOLOGIES L.L.C. (BQR82RBBHL), Developer ID Certification Authority, Apple Root CA",4.44.65
Robert Garrett,Slack,,,Robert‚Äôs MacBook Pro,Mac,/Users/rg/Library/Caches/com.tinyspeck.slackmacgap.ShipIt/update.zESGRSi/Slack.app,Identified Developer,,com.tinyspeck.slackmacgap,444000065,"Developer ID Application: SLACK TECHNOLOGIES L.L.C. (BQR82RBBHL), Developer ID Certification Authority, Apple Root CA",4.44.65
Robert Garrett,Slack,,,Robert‚Äôs MacBook Pro,Mac,/Users/rg/Library/Caches/com.tinyspeck.slackmacgap.ShipIt/update.zsZosTR/Slack.app,Identified Developer,,com.tinyspeck.slackmacgap,444000065,"Developer ID Application: SLACK TECHNOLOGIES L.L.C. (BQR82RBBHL), Developer ID Certification Authority, Apple Root CA",4.44.65
Robert Garrett,Slack,,,Robert‚Äôs MacBook Pro,Mac,/Users/rg/Library/Caches/com.tinyspeck.slackmacgap.ShipIt/update.ZxsEWQP/Slack.app,Identified Developer,,com.tinyspeck.slackmacgap,444000065,"Developer ID Application: SLACK TECHNOLOGIES L.L.C. (BQR82RBBHL), Developer ID Certification Authority, Apple Root CA",4.44.65
Robert Garrett,Slack Helper,,,Robert‚Äôs MacBook Pro,Mac,/Applications/Slack.app/Contents/Frameworks/Slack Helper.app,Identified Developer,,com.tinyspeck.slackmacgap.helper,444000065,"Developer ID Application: SLACK TECHNOLOGIES L.L.C. (BQR82RBBHL), Developer ID Certification Authority, Apple Root CA",4.44.65
Robert Garrett,Slack Helper,,,Robert‚Äôs MacBook Pro,Mac,/Users/rg/Library/Caches/com.tinyspeck.slackmacgap.ShipIt/update.0uhkOM7/Slack.app/Contents/Frameworks/Slack Helper.app,Identified Developer,,com.tinyspeck.slackmacgap.helper,444000065,"Developer ID Application: SLACK TECHNOLOGIES L.L.C. (BQR82RBBHL), Developer ID Certification Authority, Apple Root CA",4.44.65
Robert Garrett,Slack Helper,,,Robert‚Äôs MacBook Pro,Mac,/Users/rg/Library/Caches/com.tinyspeck.slackmacgap.ShipIt/update.1513R4K/Slack.app/Contents/Frameworks/Slack Helper.app,Identified Developer,,com.tinyspeck.slackmacgap.helper,444000065,"Developer ID Application: SLACK TECHNOLOGIES L.L.C. (BQR82RBBHL), Developer ID Certification Authority, Apple Root CA",4.44.65
Robert Garrett,Slack Helper,,,Robert‚Äôs MacBook Pro,Mac,/Users/rg/Library/Caches/com.tinyspeck.slackmacgap.ShipIt/update.1iUkWot/Slack.app/Contents/Frameworks/Slack Helper.app,Identified Developer,,com.tinyspeck.slackmacgap.helper,444000065,"Developer ID Application: SLACK TECHNOLOGIES L.L.C. (BQR82RBBHL), Developer ID Certification Authority, Apple Root CA",4.44.65
Robert Garrett,Slack Helper,,,Robert‚Äôs MacBook Pro,Mac,/Users/rg/Library/Caches/com.tinyspeck.slackmacgap.ShipIt/update.1wdiibC/Slack.app/Contents/Frameworks/Slack Helper.app,Identified Developer,,com.tinyspeck.slackmacgap.helper,444000065,"Developer ID Application: SLACK TECHNOLOGIES L.L.C. (BQR82RBBHL), Developer ID Certification Authority, Apple Root CA",4.44.65
Robert Garrett,Slack Helper,,,Robert‚Äôs MacBook Pro,Mac,/Users/rg/Library/Caches/com.tinyspeck.slackmacgap.ShipIt/update.1wHcZPI/Slack.app/Contents/Frameworks/Slack Helper.app,Identified Developer,,com.tinyspeck.slackmacgap.helper,444000065,"Developer ID Application: SLACK TECHNOLOGIES L.L.C. (BQR82RBBHL), Developer ID Certification Authority, Apple Root CA",4.44.65
Robert Garrett,Slack Helper,,,Robert‚Äôs MacBook Pro,Mac,/Users/rg/Library/Caches/com.tinyspeck.slackmacgap.ShipIt/update.2vcPKnE/Slack.app/Contents/Frameworks/Slack Helper.app,Identified Developer,,com.tinyspeck.slackmacgap.helper,444000065,"Developer ID Application: SLACK TECHNOLOGIES L.L.C. (BQR82RBBHL), Developer ID Certification Authority, Apple Root CA",4.44.65
Robert Garrett,Slack Helper,,,Robert‚Äôs MacBook Pro,Mac,/Users/rg/Library/Caches/com.tinyspeck.slackmacgap.ShipIt/update.3HZXR0i/Slack.app/Contents/Frameworks/Slack Helper.app,Identified Developer,,com.tinyspeck.slackmacgap.helper,444000065,"Developer ID Application: SLACK TECHNOLOGIES L.L.C. (BQR82RBBHL), Developer ID Certification Authority, Apple Root CA",4.44.65
Robert Garrett,Slack Helper,,,Robert‚Äôs MacBook Pro,Mac,/Users/rg/Library/Caches/com.tinyspeck.slackmacgap.ShipIt/update.3iuAxbm/Slack.app/Contents/Frameworks/Slack Helper.app,Identified Developer,,com.tinyspeck.slackmacgap.helper,444000065,"Developer ID Application: SLACK TECHNOLOGIES L.L.C. (BQR82RBBHL), Developer ID Certification Authority, Apple Root CA",4.44.65
Robert Garrett,Slack Helper,,,Robert‚Äôs MacBook Pro,Mac,/Users/rg/Library/Caches/com.tinyspeck.slackmacgap.ShipIt/update.4m2qVxx/Slack.app/Contents/Frameworks/Slack Helper.app,Identified Developer,,com.tinyspeck.slackmacgap.helper,444000065,"Developer ID Application: SLACK TECHNOLOGIES L.L.C. (BQR82RBBHL), Developer ID Certification Authority, Apple Root CA",4.44.65
Robert Garrett,Slack Helper,,,Robert‚Äôs MacBook Pro,Mac,/Users/rg/Library/Caches/com.tinyspeck.slackmacgap.ShipIt/update.4SW2USu/Slack.app/Contents/Frameworks/Slack Helper.app,Identified Developer,,com.tinyspeck.slackmacgap.helper,444000065,"Developer ID Application: SLACK TECHNOLOGIES L.L.C. (BQR82RBBHL), Developer ID Certification Authority, Apple Root CA",4.44.65
Robert Garrett,Slack Helper,,,Robert‚Äôs MacBook Pro,Mac,/Users/rg/Library/Caches/com.tinyspeck.slackmacgap.ShipIt/update.5bcD0mF/Slack.app/Contents/Frameworks/Slack Helper.app,Identified Developer,,com.tinyspeck.slackmacgap.helper,444000065,"Developer ID Application: SLACK TECHNOLOGIES L.L.C. (BQR82RBBHL), Developer ID Certification Authority, Apple Root CA",4.44.65
Robert Garrett,Slack Helper,,,Robert‚Äôs MacBook Pro,Mac,/Users/rg/Library/Caches/com.tinyspeck.slackmacgap.ShipIt/update.5eMHkBp/Slack.app/Contents/Frameworks/Slack Helper.app,Identified Developer,,com.tinyspeck.slackmacgap.helper,444000065,"Developer ID Application: SLACK TECHNOLOGIES L.L.C. (BQR82RBBHL), Developer ID Certification Authority, Apple Root CA",4.44.65
Robert Garrett,Slack Helper,,,Robert‚Äôs MacBook Pro,Mac,/Users/rg/Library/Caches/com.tinyspeck.slackmacgap.ShipIt/update.5VubLAC/Slack.app/Contents/Frameworks/Slack Helper.app,Identified Developer,,com.tinyspeck.slackmacgap.helper,444000065,"Developer ID Application: SLACK TECHNOLOGIES L.L.C. (BQR82RBBHL), Developer ID Certification Authority, Apple Root CA",4.44.65
Robert Garrett,Slack Helper,,,Robert‚Äôs MacBook Pro,Mac,/Users/rg/Library/Caches/com.tinyspeck.slackmacgap.ShipIt/update.60cGrcn/Slack.app/Contents/Frameworks/Slack Helper.app,Identified Developer,,com.tinyspeck.slackmacgap.helper,444000065,"Developer ID Application: SLACK TECHNOLOGIES L.L.C. (BQR82RBBHL), Developer ID Certification Authority, Apple Root CA",4.44.65
Robert Garrett,Slack Helper,,,Robert‚Äôs MacBook Pro,Mac,/Users/rg/Library/Caches/com.tinyspeck.slackmacgap.ShipIt/update.77viFcg/Slack.app/Contents/Frameworks/Slack Helper.app,Identified Developer,,com.tinyspeck.slackmacgap.helper,444000065,"Developer ID Application: SLACK TECHNOLOGIES L.L.C. (BQR82RBBHL), Developer ID Certification Authority, Apple Root CA",4.44.65
Robert Garrett,Slack Helper,,,Robert‚Äôs MacBook Pro,Mac,/Users/rg/Library/Caches/com.tinyspeck.slackmacgap.ShipIt/update.7gD7A8z/Slack.app/Contents/Frameworks/Slack Helper.app,Identified Developer,,com.tinyspeck.slackmacgap.helper,444000065,"Developer ID Application: SLACK TECHNOLOGIES L.L.C. (BQR82RBBHL), Developer ID Certification Authority, Apple Root CA",4.44.65
Robert Garrett,Slack Helper,,,Robert‚Äôs MacBook Pro,Mac,/Users/rg/Library/Caches/com.tinyspeck.slackmacgap.ShipIt/update.7NQAh1n/Slack.app/Contents/Frameworks/Slack Helper.app,Identified Developer,,com.tinyspeck.slackmacgap.helper,444000065,"Developer ID Application: SLACK TECHNOLOGIES L.L.C. (BQR82RBBHL), Developer ID Certification Authority, Apple Root CA",4.44.65
Robert Garrett,Slack Helper,,,Robert‚Äôs MacBook Pro,Mac,/Users/rg/Library/Caches/com.tinyspeck.slackmacgap.ShipIt/update.7qKDW4B/Slack.app/Contents/Frameworks/Slack Helper.app,Identified Developer,,com.tinyspeck.slackmacgap.helper,444000065,"Developer ID Application: SLACK TECHNOLOGIES L.L.C. (BQR82RBBHL), Developer ID Certification Authority, Apple Root CA",4.44.65
Robert Garrett,Slack Helper,,,Robert‚Äôs MacBook Pro,Mac,/Users/rg/Library/Caches/com.tinyspeck.slackmacgap.ShipIt/update.8P0THAu/Slack.app/Contents/Frameworks/Slack Helper.app,Identified Developer,,com.tinyspeck.slackmacgap.helper,444000065,"Developer ID Application: SLACK TECHNOLOGIES L.L.C. (BQR82RBBHL), Developer ID Certification Authority, Apple Root CA",4.44.65
Robert Garrett,Slack Helper,,,Robert‚Äôs MacBook Pro,Mac,/Users/rg/Library/Caches/com.tinyspeck.slackmacgap.ShipIt/update.8RTVjO4/Slack.app/Contents/Frameworks/Slack Helper.app,Identified Developer,,com.tinyspeck.slackmacgap.helper,444000065,"Developer ID Application: SLACK TECHNOLOGIES L.L.C. (BQR82RBBHL), Developer ID Certification Authority, Apple Root CA",4.44.65
Robert Garrett,Slack Helper,,,Robert‚Äôs MacBook Pro,Mac,/Users/rg/Library/Caches/com.tinyspeck.slackmacgap.ShipIt/update.99Shh7U/Slack.app/Contents/Frameworks/Slack Helper.app,Identified Developer,,com.tinyspeck.slackmacgap.helper,444000065,"Developer ID Application: SLACK TECHNOLOGIES L.L.C. (BQR82RBBHL), Developer ID Certification Authority, Apple Root CA",4.44.65
Robert Garrett,Slack Helper,,,Robert‚Äôs MacBook Pro,Mac,/Users/rg/Library/Caches/com.tinyspeck.slackmacgap.ShipIt/update.9tqOj5S/Slack.app/Contents/Frameworks/Slack Helper.app,Identified Developer,,com.tinyspeck.slackmacgap.helper,444000065,"Developer ID Application: SLACK TECHNOLOGIES L.L.C. (BQR82RBBHL), Developer ID Certification Authority, Apple Root CA",4.44.65
Robert Garrett,Slack Helper,,,Robert‚Äôs MacBook Pro,Mac,/Users/rg/Library/Caches/com.tinyspeck.slackmacgap.ShipIt/update.ap3ti8r/Slack.app/Contents/Frameworks/Slack Helper.app,Identified Developer,,com.tinyspeck.slackmacgap.helper,444000065,"Developer ID Application: SLACK TECHNOLOGIES L.L.C. (BQR82RBBHL), Developer ID Certification Authority, Apple Root CA",4.44.65
Robert Garrett,Slack Helper,,,Robert‚Äôs MacBook Pro,Mac,/Users/rg/Library/Caches/com.tinyspeck.slackmacgap.ShipIt/update.b8f4Jzu/Slack.app/Contents/Frameworks/Slack Helper.app,Identified Developer,,com.tinyspeck.slackmacgap.helper,444000065,"Developer ID Application: SLACK TECHNOLOGIES L.L.C. (BQR82RBBHL), Developer ID Certification Authority, Apple Root CA",4.44.65
Robert Garrett,Slack Helper,,,Robert‚Äôs MacBook Pro,Mac,/Users/rg/Library/Caches/com.tinyspeck.slackmacgap.ShipIt/update.cEnwrBM/Slack.app/Contents/Frameworks/Slack Helper.app,Identified Developer,,com.tinyspeck.slackmacgap.helper,444000065,"Developer ID Application: SLACK TECHNOLOGIES L.L.C. (BQR82RBBHL), Developer ID Certification Authority, Apple Root CA",4.44.65
Robert Garrett,Slack Helper,,,Robert‚Äôs MacBook Pro,Mac,/Users/rg/Library/Caches/com.tinyspeck.slackmacgap.ShipIt/update.cqhvWtw/Slack.app/Contents/Frameworks/Slack Helper.app,Identified Developer,,com.tinyspeck.slackmacgap.helper,444000065,"Developer ID Application: SLACK TECHNOLOGIES L.L.C. (BQR82RBBHL), Developer ID Certification Authority, Apple Root CA",4.44.65
Robert Garrett,Slack Helper,,,Robert‚Äôs MacBook Pro,Mac,/Users/rg/Library/Caches/com.tinyspeck.slackmacgap.ShipIt/update.DAEpTfr/Slack.app/Contents/Frameworks/Slack Helper.app,Identified Developer,,com.tinyspeck.slackmacgap.helper,444000065,"Developer ID Application: SLACK TECHNOLOGIES L.L.C. (BQR82RBBHL), Developer ID Certification Authority, Apple Root CA",4.44.65
Robert Garrett,Slack Helper,,,Robert‚Äôs MacBook Pro,Mac,/Users/rg/Library/Caches/com.tinyspeck.slackmacgap.ShipIt/update.DHWCzJp/Slack.app/Contents/Frameworks/Slack Helper.app,Identified Developer,,com.tinyspeck.slackmacgap.helper,444000065,"Developer ID Application: SLACK TECHNOLOGIES L.L.C. (BQR82RBBHL), Developer ID Certification Authority, Apple Root CA",4.44.65
Robert Garrett,Slack Helper,,,Robert‚Äôs MacBook Pro,Mac,/Users/rg/Library/Caches/com.tinyspeck.slackmacgap.ShipIt/update.dSLpQUP/Slack.app/Contents/Frameworks/Slack Helper.app,Identified Developer,,com.tinyspeck.slackmacgap.helper,444000065,"Developer ID Application: SLACK TECHNOLOGIES L.L.C. (BQR82RBBHL), Developer ID Certification Authority, Apple Root CA",4.44.65
Robert Garrett,Slack Helper,,,Robert‚Äôs MacBook Pro,Mac,/Users/rg/Library/Caches/com.tinyspeck.slackmacgap.ShipIt/update.EivlUt0/Slack.app/Contents/Frameworks/Slack Helper.app,Identified Developer,,com.tinyspeck.slackmacgap.helper,444000065,"Developer ID Application: SLACK TECHNOLOGIES L.L.C. (BQR82RBBHL), Developer ID Certification Authority, Apple Root CA",4.44.65
Robert Garrett,Slack Helper,,,Robert‚Äôs MacBook Pro,Mac,/Users/rg/Library/Caches/com.tinyspeck.slackmacgap.ShipIt/update.ELWrhT3/Slack.app/Contents/Frameworks/Slack Helper.app,Identified Developer,,com.tinyspeck.slackmacgap.helper,444000065,"Developer ID Application: SLACK TECHNOLOGIES L.L.C. (BQR82RBBHL), Developer ID Certification Authority, Apple Root CA",4.44.65
Robert Garrett,Slack Helper,,,Robert‚Äôs MacBook Pro,Mac,/Users/rg/Library/Caches/com.tinyspeck.slackmacgap.ShipIt/update.eqItqs2/Slack.app/Contents/Frameworks/Slack Helper.app,Identified Developer,,com.tinyspeck.slackmacgap.helper,444000065,"Developer ID Application: SLACK TECHNOLOGIES L.L.C. (BQR82RBBHL), Developer ID Certification Authority, Apple Root CA",4.44.65
Robert Garrett,Slack Helper,,,Robert‚Äôs MacBook Pro,Mac,/Users/rg/Library/Caches/com.tinyspeck.slackmacgap.ShipIt/update.F1EvgVo/Slack.app/Contents/Frameworks/Slack Helper.app,Identified Developer,,com.tinyspeck.slackmacgap.helper,444000065,"Developer ID Application: SLACK TECHNOLOGIES L.L.C. (BQR82RBBHL), Developer ID Certification Authority, Apple Root CA",4.44.65
Robert Garrett,Slack Helper,,,Robert‚Äôs MacBook Pro,Mac,/Users/rg/Library/Caches/com.tinyspeck.slackmacgap.ShipIt/update.f3Vqyge/Slack.app/Contents/Frameworks/Slack Helper.app,Identified Developer,,com.tinyspeck.slackmacgap.helper,444000065,"Developer ID Application: SLACK TECHNOLOGIES L.L.C. (BQR82RBBHL), Developer ID Certification Authority, Apple Root CA",4.44.65
Robert Garrett,Slack Helper,,,Robert‚Äôs MacBook Pro,Mac,/Users/rg/Library/Caches/com.tinyspeck.slackmacgap.ShipIt/update.fhfeyzr/Slack.app/Contents/Frameworks/Slack Helper.app,Identified Developer,,com.tinyspeck.slackmacgap.helper,444000065,"Developer ID Application: SLACK TECHNOLOGIES L.L.C. (BQR82RBBHL), Developer ID Certification Authority, Apple Root CA",4.44.65
Robert Garrett,Slack Helper,,,Robert‚Äôs MacBook Pro,Mac,/Users/rg/Library/Caches/com.tinyspeck.slackmacgap.ShipIt/update.fi6RVmw/Slack.app/Contents/Frameworks/Slack Helper.app,Identified Developer,,com.tinyspeck.slackmacgap.helper,444000065,"Developer ID Application: SLACK TECHNOLOGIES L.L.C. (BQR82RBBHL), Developer ID Certification Authority, Apple Root CA",4.44.65
Robert Garrett,Slack Helper,,,Robert‚Äôs MacBook Pro,Mac,/Users/rg/Library/Caches/com.tinyspeck.slackmacgap.ShipIt/update.FiCetou/Slack.app/Contents/Frameworks/Slack Helper.app,Identified Developer,,com.tinyspeck.slackmacgap.helper,444000065,"Developer ID Application: SLACK TECHNOLOGIES L.L.C. (BQR82RBBHL), Developer ID Certification Authority, Apple Root CA",4.44.65
Robert Garrett,Slack Helper,,,Robert‚Äôs MacBook Pro,Mac,/Users/rg/Library/Caches/com.tinyspeck.slackmacgap.ShipIt/update.fkYpPFg/Slack.app/Contents/Frameworks/Slack Helper.app,Identified Developer,,com.tinyspeck.slackmacgap.helper,444000065,"Developer ID Application: SLACK TECHNOLOGIES L.L.C. (BQR82RBBHL), Developer ID Certification Authority, Apple Root CA",4.44.65
Robert Garrett,Slack Helper,,,Robert‚Äôs MacBook Pro,Mac,/Users/rg/Library/Caches/com.tinyspeck.slackmacgap.ShipIt/update.FW6opSl/Slack.app/Contents/Frameworks/Slack Helper.app,Identified Developer,,com.tinyspeck.slackmacgap.helper,444000065,"Developer ID Application: SLACK TECHNOLOGIES L.L.C. (BQR82RBBHL), Developer ID Certification Authority, Apple Root CA",4.44.65
Robert Garrett,Slack Helper,,,Robert‚Äôs MacBook Pro,Mac,/Users/rg/Library/Caches/com.tinyspeck.slackmacgap.ShipIt/update.G5T1xzs/Slack.app/Contents/Frameworks/Slack Helper.app,Identified Developer,,com.tinyspeck.slackmacgap.helper,444000065,"Developer ID Application: SLACK TECHNOLOGIES L.L.C. (BQR82RBBHL), Developer ID Certification Authority, Apple Root CA",4.44.65
Robert Garrett,Slack Helper,,,Robert‚Äôs MacBook Pro,Mac,/Users/rg/Library/Caches/com.tinyspeck.slackmacgap.ShipIt/update.gDPyZXv/Slack.app/Contents/Frameworks/Slack Helper.app,Identified Developer,,com.tinyspeck.slackmacgap.helper,444000065,"Developer ID Application: SLACK TECHNOLOGIES L.L.C. (BQR82RBBHL), Developer ID Certification Authority, Apple Root CA",4.44.65
Robert Garrett,Slack Helper,,,Robert‚Äôs MacBook Pro,Mac,/Users/rg/Library/Caches/com.tinyspeck.slackmacgap.ShipIt/update.gGfVjcg/Slack.app/Contents/Frameworks/Slack Helper.app,Identified Developer,,com.tinyspeck.slackmacgap.helper,444000065,"Developer ID Application: SLACK TECHNOLOGIES L.L.C. (BQR82RBBHL), Developer ID Certification Authority, Apple Root CA",4.44.65
Robert Garrett,Slack Helper,,,Robert‚Äôs MacBook Pro,Mac,/Users/rg/Library/Caches/com.tinyspeck.slackmacgap.ShipIt/update.GjP0Axt/Slack.app/Contents/Frameworks/Slack Helper.app,Identified Developer,,com.tinyspeck.slackmacgap.helper,444000065,"Developer ID Application: SLACK TECHNOLOGIES L.L.C. (BQR82RBBHL), Developer ID Certification Authority, Apple Root CA",4.44.65
Robert Garrett,Slack Helper,,,Robert‚Äôs MacBook Pro,Mac,/Users/rg/Library/Caches/com.tinyspeck.slackmacgap.ShipIt/update.hk5QmuQ/Slack.app/Contents/Frameworks/Slack Helper.app,Identified Developer,,com.tinyspeck.slackmacgap.helper,444000065,"Developer ID Application: SLACK TECHNOLOGIES L.L.C. (BQR82RBBHL), Developer ID Certification Authority, Apple Root CA",4.44.65
Robert Garrett,Slack Helper,,,Robert‚Äôs MacBook Pro,Mac,/Users/rg/Library/Caches/com.tinyspeck.slackmacgap.ShipIt/update.hLw4Ir7/Slack.app/Contents/Frameworks/Slack Helper.app,Identified Developer,,com.tinyspeck.slackmacgap.helper,444000065,"Developer ID Application: SLACK TECHNOLOGIES L.L.C. (BQR82RBBHL), Developer ID Certification Authority, Apple Root CA",4.44.65
Robert Garrett,Slack Helper,,,Robert‚Äôs MacBook Pro,Mac,/Users/rg/Library/Caches/com.tinyspeck.slackmacgap.ShipIt/update.hOLLKUF/Slack.app/Contents/Frameworks/Slack Helper.app,Identified Developer,,com.tinyspeck.slackmacgap.helper,444000065,"Developer ID Application: SLACK TECHNOLOGIES L.L.C. (BQR82RBBHL), Developer ID Certification Authority, Apple Root CA",4.44.65
Robert Garrett,Slack Helper,,,Robert‚Äôs MacBook Pro,Mac,/Users/rg/Library/Caches/com.tinyspeck.slackmacgap.ShipIt/update.hsKvbds/Slack.app/Contents/Frameworks/Slack Helper.app,Identified Developer,,com.tinyspeck.slackmacgap.helper,444000065,"Developer ID Application: SLACK TECHNOLOGIES L.L.C. (BQR82RBBHL), Developer ID Certification Authority, Apple Root CA",4.44.65
Robert Garrett,Slack Helper,,,Robert‚Äôs MacBook Pro,Mac,/Users/rg/Library/Caches/com.tinyspeck.slackmacgap.ShipIt/update.hx3iMj5/Slack.app/Contents/Frameworks/Slack Helper.app,Identified Developer,,com.tinyspeck.slackmacgap.helper,444000065,"Developer ID Application: SLACK TECHNOLOGIES L.L.C. (BQR82RBBHL), Developer ID Certification Authority, Apple Root CA",4.44.65
Robert Garrett,Slack Helper,,,Robert‚Äôs MacBook Pro,Mac,/Users/rg/Library/Caches/com.tinyspeck.slackmacgap.ShipIt/update.I3zYqhg/Slack.app/Contents/Frameworks/Slack Helper.app,Identified Developer,,com.tinyspeck.slackmacgap.helper,444000065,"Developer ID Application: SLACK TECHNOLOGIES L.L.C. (BQR82RBBHL), Developer ID Certification Authority, Apple Root CA",4.44.65
Robert Garrett,Slack Helper,,,Robert‚Äôs MacBook Pro,Mac,/Users/rg/Library/Caches/com.tinyspeck.slackmacgap.ShipIt/update.IMtv6yl/Slack.app/Contents/Frameworks/Slack Helper.app,Identified Developer,,com.tinyspeck.slackmacgap.helper,444000065,"Developer ID Application: SLACK TECHNOLOGIES L.L.C. (BQR82RBBHL), Developer ID Certification Authority, Apple Root CA",4.44.65
Robert Garrett,Slack Helper,,,Robert‚Äôs MacBook Pro,Mac,/Users/rg/Library/Caches/com.tinyspeck.slackmacgap.ShipIt/update.IxJassT/Slack.app/Contents/Frameworks/Slack Helper.app,Identified Developer,,com.tinyspeck.slackmacgap.helper,444000065,"Developer ID Application: SLACK TECHNOLOGIES L.L.C. (BQR82RBBHL), Developer ID Certification Authority, Apple Root CA",4.44.65
Robert Garrett,Slack Helper,,,Robert‚Äôs MacBook Pro,Mac,/Users/rg/Library/Caches/com.tinyspeck.slackmacgap.ShipIt/update.JXVP5Hd/Slack.app/Contents/Frameworks/Slack Helper.app,Identified Developer,,com.tinyspeck.slackmacgap.helper,444000065,"Developer ID Application: SLACK TECHNOLOGIES L.L.C. (BQR82RBBHL), Developer ID Certification Authority, Apple Root CA",4.44.65
Robert Garrett,Slack Helper,,,Robert‚Äôs MacBook Pro,Mac,/Users/rg/Library/Caches/com.tinyspeck.slackmacgap.ShipIt/update.lfEs8U2/Slack.app/Contents/Frameworks/Slack Helper.app,Identified Developer,,com.tinyspeck.slackmacgap.helper,444000065,"Developer ID Application: SLACK TECHNOLOGIES L.L.C. (BQR82RBBHL), Developer ID Certification Authority, Apple Root CA",4.44.65
Robert Garrett,Slack Helper,,,Robert‚Äôs MacBook Pro,Mac,/Users/rg/Library/Caches/com.tinyspeck.slackmacgap.ShipIt/update.ljYECPW/Slack.app/Contents/Frameworks/Slack Helper.app,Identified Developer,,com.tinyspeck.slackmacgap.helper,444000065,"Developer ID Application: SLACK TECHNOLOGIES L.L.C. (BQR82RBBHL), Developer ID Certification Authority, Apple Root CA",4.44.65
Robert Garrett,Slack Helper,,,Robert‚Äôs MacBook Pro,Mac,/Users/rg/Library/Caches/com.tinyspeck.slackmacgap.ShipIt/update.MfHNlDn/Slack.app/Contents/Frameworks/Slack Helper.app,Identified Developer,,com.tinyspeck.slackmacgap.helper,444000065,"Developer ID Application: SLACK TECHNOLOGIES L.L.C. (BQR82RBBHL), Developer ID Certification Authority, Apple Root CA",4.44.65
Robert Garrett,Slack Helper,,,Robert‚Äôs MacBook Pro,Mac,/Users/rg/Library/Caches/com.tinyspeck.slackmacgap.ShipIt/update.mj2hxzO/Slack.app/Contents/Frameworks/Slack Helper.app,Identified Developer,,com.tinyspeck.slackmacgap.helper,444000065,"Developer ID Application: SLACK TECHNOLOGIES L.L.C. (BQR82RBBHL), Developer ID Certification Authority, Apple Root CA",4.44.65
Robert Garrett,Slack Helper,,,Robert‚Äôs MacBook Pro,Mac,/Users/rg/Library/Caches/com.tinyspeck.slackmacgap.ShipIt/update.mMFGnqq/Slack.app/Contents/Frameworks/Slack Helper.app,Identified Developer,,com.tinyspeck.slackmacgap.helper,444000065,"Developer ID Application: SLACK TECHNOLOGIES L.L.C. (BQR82RBBHL), Developer ID Certification Authority, Apple Root CA",4.44.65
Robert Garrett,Slack Helper,,,Robert‚Äôs MacBook Pro,Mac,/Users/rg/Library/Caches/com.tinyspeck.slackmacgap.ShipIt/update.n2hmgDj/Slack.app/Contents/Frameworks/Slack Helper.app,Identified Developer,,com.tinyspeck.slackmacgap.helper,444000065,"Developer ID Application: SLACK TECHNOLOGIES L.L.C. (BQR82RBBHL), Developer ID Certification Authority, Apple Root CA",4.44.65
Robert Garrett,Slack Helper,,,Robert‚Äôs MacBook Pro,Mac,/Users/rg/Library/Caches/com.tinyspeck.slackmacgap.ShipIt/update.NMY4Cez/Slack.app/Contents/Frameworks/Slack Helper.app,Identified Developer,,com.tinyspeck.slackmacgap.helper,444000065,"Developer ID Application: SLACK TECHNOLOGIES L.L.C. (BQR82RBBHL), Developer ID Certification Authority, Apple Root CA",4.44.65
Robert Garrett,Slack Helper,,,Robert‚Äôs MacBook Pro,Mac,/Users/rg/Library/Caches/com.tinyspeck.slackmacgap.ShipIt/update.nO8bU4P/Slack.app/Contents/Frameworks/Slack Helper.app,Identified Developer,,com.tinyspeck.slackmacgap.helper,444000065,"Developer ID Application: SLACK TECHNOLOGIES L.L.C. (BQR82RBBHL), Developer ID Certification Authority, Apple Root CA",4.44.65
Robert Garrett,Slack Helper,,,Robert‚Äôs MacBook Pro,Mac,/Users/rg/Library/Caches/com.tinyspeck.slackmacgap.ShipIt/update.nP1JVQG/Slack.app/Contents/Frameworks/Slack Helper.app,Identified Developer,,com.tinyspeck.slackmacgap.helper,444000065,"Developer ID Application: SLACK TECHNOLOGIES L.L.C. (BQR82RBBHL), Developer ID Certification Authority, Apple Root CA",4.44.65
Robert Garrett,Slack Helper,,,Robert‚Äôs MacBook Pro,Mac,/Users/rg/Library/Caches/com.tinyspeck.slackmacgap.ShipIt/update.O79XVxf/Slack.app/Contents/Frameworks/Slack Helper.app,Identified Developer,,com.tinyspeck.slackmacgap.helper,444000065,"Developer ID Application: SLACK TECHNOLOGIES L.L.C. (BQR82RBBHL), Developer ID Certification Authority, Apple Root CA",4.44.65
Robert Garrett,Slack Helper,,,Robert‚Äôs MacBook Pro,Mac,/Users/rg/Library/Caches/com.tinyspeck.slackmacgap.ShipIt/update.oqs4oiI/Slack.app/Contents/Frameworks/Slack Helper.app,Identified Developer,,com.tinyspeck.slackmacgap.helper,444000065,"Developer ID Application: SLACK TECHNOLOGIES L.L.C. (BQR82RBBHL), Developer ID Certification Authority, Apple Root CA",4.44.65
Robert Garrett,Slack Helper,,,Robert‚Äôs MacBook Pro,Mac,/Users/rg/Library/Caches/com.tinyspeck.slackmacgap.ShipIt/update.OWIxUCH/Slack.app/Contents/Frameworks/Slack Helper.app,Identified Developer,,com.tinyspeck.slackmacgap.helper,444000065,"Developer ID Application: SLACK TECHNOLOGIES L.L.C. (BQR82RBBHL), Developer ID Certification Authority, Apple Root CA",4.44.65
Robert Garrett,Slack Helper,,,Robert‚Äôs MacBook Pro,Mac,/Users/rg/Library/Caches/com.tinyspeck.slackmacgap.ShipIt/update.p25SrtR/Slack.app/Contents/Frameworks/Slack Helper.app,Identified Developer,,com.tinyspeck.slackmacgap.helper,444000065,"Developer ID Application: SLACK TECHNOLOGIES L.L.C. (BQR82RBBHL), Developer ID Certification Authority, Apple Root CA",4.44.65
Robert Garrett,Slack Helper,,,Robert‚Äôs MacBook Pro,Mac,/Users/rg/Library/Caches/com.tinyspeck.slackmacgap.ShipIt/update.p7TzA9p/Slack.app/Contents/Frameworks/Slack Helper.app,Identified Developer,,com.tinyspeck.slackmacgap.helper,444000065,"Developer ID Application: SLACK TECHNOLOGIES L.L.C. (BQR82RBBHL), Developer ID Certification Authority, Apple Root CA",4.44.65
Robert Garrett,Slack Helper,,,Robert‚Äôs MacBook Pro,Mac,/Users/rg/Library/Caches/com.tinyspeck.slackmacgap.ShipIt/update.pFKzq0a/Slack.app/Contents/Frameworks/Slack Helper.app,Identified Developer,,com.tinyspeck.slackmacgap.helper,444000065,"Developer ID Application: SLACK TECHNOLOGIES L.L.C. (BQR82RBBHL), Developer ID Certification Authority, Apple Root CA",4.44.65
Robert Garrett,Slack Helper,,,Robert‚Äôs MacBook Pro,Mac,/Users/rg/Library/Caches/com.tinyspeck.slackmacgap.ShipIt/update.PkESxXk/Slack.app/Contents/Frameworks/Slack Helper.app,Identified Developer,,com.tinyspeck.slackmacgap.helper,444000065,"Developer ID Application: SLACK TECHNOLOGIES L.L.C. (BQR82RBBHL), Developer ID Certification Authority, Apple Root CA",4.44.65
Robert Garrett,Slack Helper,,,Robert‚Äôs MacBook Pro,Mac,/Users/rg/Library/Caches/com.tinyspeck.slackmacgap.ShipIt/update.Pl1sMty/Slack.app/Contents/Frameworks/Slack Helper.app,Identified Developer,,com.tinyspeck.slackmacgap.helper,444000065,"Developer ID Application: SLACK TECHNOLOGIES L.L.C. (BQR82RBBHL), Developer ID Certification Authority, Apple Root CA",4.44.65
Robert Garrett,Slack Helper,,,Robert‚Äôs MacBook Pro,Mac,/Users/rg/Library/Caches/com.tinyspeck.slackmacgap.ShipIt/update.r5GtW0d/Slack.app/Contents/Frameworks/Slack Helper.app,Identified Developer,,com.tinyspeck.slackmacgap.helper,444000065,"Developer ID Application: SLACK TECHNOLOGIES L.L.C. (BQR82RBBHL), Developer ID Certification Authority, Apple Root CA",4.44.65
Robert Garrett,Slack Helper,,,Robert‚Äôs MacBook Pro,Mac,/Users/rg/Library/Caches/com.tinyspeck.slackmacgap.ShipIt/update.RBLXgtt/Slack.app/Contents/Frameworks/Slack Helper.app,Identified Developer,,com.tinyspeck.slackmacgap.helper,444000065,"Developer ID Application: SLACK TECHNOLOGIES L.L.C. (BQR82RBBHL), Developer ID Certification Authority, Apple Root CA",4.44.65
Robert Garrett,Slack Helper,,,Robert‚Äôs MacBook Pro,Mac,/Users/rg/Library/Caches/com.tinyspeck.slackmacgap.ShipIt/update.Rl5Wjxg/Slack.app/Contents/Frameworks/Slack Helper.app,Identified Developer,,com.tinyspeck.slackmacgap.helper,444000065,"Developer ID Application: SLACK TECHNOLOGIES L.L.C. (BQR82RBBHL), Developer ID Certification Authority, Apple Root CA",4.44.65
Robert Garrett,Slack Helper,,,Robert‚Äôs MacBook Pro,Mac,/Users/rg/Library/Caches/com.tinyspeck.slackmacgap.ShipIt/update.s6qVXWX/Slack.app/Contents/Frameworks/Slack Helper.app,Identified Developer,,com.tinyspeck.slackmacgap.helper,444000065,"Developer ID Application: SLACK TECHNOLOGIES L.L.C. (BQR82RBBHL), Developer ID Certification Authority, Apple Root CA",4.44.65
Robert Garrett,Slack Helper,,,Robert‚Äôs MacBook Pro,Mac,/Users/rg/Library/Caches/com.tinyspeck.slackmacgap.ShipIt/update.sbPpVbf/Slack.app/Contents/Frameworks/Slack Helper.app,Identified Developer,,com.tinyspeck.slackmacgap.helper,444000065,"Developer ID Application: SLACK TECHNOLOGIES L.L.C. (BQR82RBBHL), Developer ID Certification Authority, Apple Root CA",4.44.65
Robert Garrett,Slack Helper,,,Robert‚Äôs MacBook Pro,Mac,/Users/rg/Library/Caches/com.tinyspeck.slackmacgap.ShipIt/update.sbSyjQt/Slack.app/Contents/Frameworks/Slack Helper.app,Identified Developer,,com.tinyspeck.slackmacgap.helper,444000065,"Developer ID Application: SLACK TECHNOLOGIES L.L.C. (BQR82RBBHL), Developer ID Certification Authority, Apple Root CA",4.44.65
Robert Garrett,Slack Helper,,,Robert‚Äôs MacBook Pro,Mac,/Users/rg/Library/Caches/com.tinyspeck.slackmacgap.ShipIt/update.sxyZn9U/Slack.app/Contents/Frameworks/Slack Helper.app,Identified Developer,,com.tinyspeck.slackmacgap.helper,444000065,"Developer ID Application: SLACK TECHNOLOGIES L.L.C. (BQR82RBBHL), Developer ID Certification Authority, Apple Root CA",4.44.65
Robert Garrett,Slack Helper,,,Robert‚Äôs MacBook Pro,Mac,/Users/rg/Library/Caches/com.tinyspeck.slackmacgap.ShipIt/update.sYSUPVf/Slack.app/Contents/Frameworks/Slack Helper.app,Identified Developer,,com.tinyspeck.slackmacgap.helper,444000065,"Developer ID Application: SLACK TECHNOLOGIES L.L.C. (BQR82RBBHL), Developer ID Certification Authority, Apple Root CA",4.44.65
Robert Garrett,Slack Helper,,,Robert‚Äôs MacBook Pro,Mac,/Users/rg/Library/Caches/com.tinyspeck.slackmacgap.ShipIt/update.T3lWuOV/Slack.app/Contents/Frameworks/Slack Helper.app,Identified Developer,,com.tinyspeck.slackmacgap.helper,444000065,"Developer ID Application: SLACK TECHNOLOGIES L.L.C. (BQR82RBBHL), Developer ID Certification Authority, Apple Root CA",4.44.65
Robert Garrett,Slack Helper,,,Robert‚Äôs MacBook Pro,Mac,/Users/rg/Library/Caches/com.tinyspeck.slackmacgap.ShipIt/update.U7E5nYp/Slack.app/Contents/Frameworks/Slack Helper.app,Identified Developer,,com.tinyspeck.slackmacgap.helper,444000065,"Developer ID Application: SLACK TECHNOLOGIES L.L.C. (BQR82RBBHL), Developer ID Certification Authority, Apple Root CA",4.44.65
Robert Garrett,Slack Helper,,,Robert‚Äôs MacBook Pro,Mac,/Users/rg/Library/Caches/com.tinyspeck.slackmacgap.ShipIt/update.uDprMdj/Slack.app/Contents/Frameworks/Slack Helper.app,Identified Developer,,com.tinyspeck.slackmacgap.helper,444000065,"Developer ID Application: SLACK TECHNOLOGIES L.L.C. (BQR82RBBHL), Developer ID Certification Authority, Apple Root CA",4.44.65
Robert Garrett,Slack Helper,,,Robert‚Äôs MacBook Pro,Mac,/Users/rg/Library/Caches/com.tinyspeck.slackmacgap.ShipIt/update.UTWVDZu/Slack.app/Contents/Frameworks/Slack Helper.app,Identified Developer,,com.tinyspeck.slackmacgap.helper,444000065,"Developer ID Application: SLACK TECHNOLOGIES L.L.C. (BQR82RBBHL), Developer ID Certification Authority, Apple Root CA",4.44.65
Robert Garrett,Slack Helper,,,Robert‚Äôs MacBook Pro,Mac,/Users/rg/Library/Caches/com.tinyspeck.slackmacgap.ShipIt/update.v3R6F4l/Slack.app/Contents/Frameworks/Slack Helper.app,Identified Developer,,com.tinyspeck.slackmacgap.helper,444000065,"Developer ID Application: SLACK TECHNOLOGIES L.L.C. (BQR82RBBHL), Developer ID Certification Authority, Apple Root CA",4.44.65
Robert Garrett,Slack Helper,,,Robert‚Äôs MacBook Pro,Mac,/Users/rg/Library/Caches/com.tinyspeck.slackmacgap.ShipIt/update.VaaOhH6/Slack.app/Contents/Frameworks/Slack Helper.app,Identified Developer,,com.tinyspeck.slackmacgap.helper,444000065,"Developer ID Application: SLACK TECHNOLOGIES L.L.C. (BQR82RBBHL), Developer ID Certification Authority, Apple Root CA",4.44.65
Robert Garrett,Slack Helper,,,Robert‚Äôs MacBook Pro,Mac,/Users/rg/Library/Caches/com.tinyspeck.slackmacgap.ShipIt/update.vwdu3vX/Slack.app/Contents/Frameworks/Slack Helper.app,Identified Developer,,com.tinyspeck.slackmacgap.helper,444000065,"Developer ID Application: SLACK TECHNOLOGIES L.L.C. (BQR82RBBHL), Developer ID Certification Authority, Apple Root CA",4.44.65
Robert Garrett,Slack Helper,,,Robert‚Äôs MacBook Pro,Mac,/Users/rg/Library/Caches/com.tinyspeck.slackmacgap.ShipIt/update.WJD281m/Slack.app/Contents/Frameworks/Slack Helper.app,Identified Developer,,com.tinyspeck.slackmacgap.helper,444000065,"Developer ID Application: SLACK TECHNOLOGIES L.L.C. (BQR82RBBHL), Developer ID Certification Authority, Apple Root CA",4.44.65
Robert Garrett,Slack Helper,,,Robert‚Äôs MacBook Pro,Mac,/Users/rg/Library/Caches/com.tinyspeck.slackmacgap.ShipIt/update.wUH8xgx/Slack.app/Contents/Frameworks/Slack Helper.app,Identified Developer,,com.tinyspeck.slackmacgap.helper,444000065,"Developer ID Application: SLACK TECHNOLOGIES L.L.C. (BQR82RBBHL), Developer ID Certification Authority, Apple Root CA",4.44.65
Robert Garrett,Slack Helper,,,Robert‚Äôs MacBook Pro,Mac,/Users/rg/Library/Caches/com.tinyspeck.slackmacgap.ShipIt/update.wW4AIzg/Slack.app/Contents/Frameworks/Slack Helper.app,Identified Developer,,com.tinyspeck.slackmacgap.helper,444000065,"Developer ID Application: SLACK TECHNOLOGIES L.L.C. (BQR82RBBHL), Developer ID Certification Authority, Apple Root CA",4.44.65
Robert Garrett,Slack Helper,,,Robert‚Äôs MacBook Pro,Mac,/Users/rg/Library/Caches/com.tinyspeck.slackmacgap.ShipIt/update.XBRWkxO/Slack.app/Contents/Frameworks/Slack Helper.app,Identified Developer,,com.tinyspeck.slackmacgap.helper,444000065,"Developer ID Application: SLACK TECHNOLOGIES L.L.C. (BQR82RBBHL), Developer ID Certification Authority, Apple Root CA",4.44.65
Robert Garrett,Slack Helper,,,Robert‚Äôs MacBook Pro,Mac,/Users/rg/Library/Caches/com.tinyspeck.slackmacgap.ShipIt/update.xOcvF50/Slack.app/Contents/Frameworks/Slack Helper.app,Identified Developer,,com.tinyspeck.slackmacgap.helper,444000065,"Developer ID Application: SLACK TECHNOLOGIES L.L.C. (BQR82RBBHL), Developer ID Certification Authority, Apple Root CA",4.44.65
Robert Garrett,Slack Helper,,,Robert‚Äôs MacBook Pro,Mac,/Users/rg/Library/Caches/com.tinyspeck.slackmacgap.ShipIt/update.yB2rIlL/Slack.app/Contents/Frameworks/Slack Helper.app,Identified Developer,,com.tinyspeck.slackmacgap.helper,444000065,"Developer ID Application: SLACK TECHNOLOGIES L.L.C. (BQR82RBBHL), Developer ID Certification Authority, Apple Root CA",4.44.65
Robert Garrett,Slack Helper,,,Robert‚Äôs MacBook Pro,Mac,/Users/rg/Library/Caches/com.tinyspeck.slackmacgap.ShipIt/update.yi69MyA/Slack.app/Contents/Frameworks/Slack Helper.app,Identified Developer,,com.tinyspeck.slackmacgap.helper,444000065,"Developer ID Application: SLACK TECHNOLOGIES L.L.C. (BQR82RBBHL), Developer ID Certification Authority, Apple Root CA",4.44.65
Robert Garrett,Slack Helper,,,Robert‚Äôs MacBook Pro,Mac,/Users/rg/Library/Caches/com.tinyspeck.slackmacgap.ShipIt/update.YLwKgVY/Slack.app/Contents/Frameworks/Slack Helper.app,Identified Developer,,com.tinyspeck.slackmacgap.helper,444000065,"Developer ID Application: SLACK TECHNOLOGIES L.L.C. (BQR82RBBHL), Developer ID Certification Authority, Apple Root CA",4.44.65
Robert Garrett,Slack Helper,,,Robert‚Äôs MacBook Pro,Mac,/Users/rg/Library/Caches/com.tinyspeck.slackmacgap.ShipIt/update.YXTiVJf/Slack.app/Contents/Frameworks/Slack Helper.app,Identified Developer,,com.tinyspeck.slackmacgap.helper,444000065,"Developer ID Application: SLACK TECHNOLOGIES L.L.C. (BQR82RBBHL), Developer ID Certification Authority, Apple Root CA",4.44.65
Robert Garrett,Slack Helper,,,Robert‚Äôs MacBook Pro,Mac,/Users/rg/Library/Caches/com.tinyspeck.slackmacgap.ShipIt/update.ZbdlrI9/Slack.app/Contents/Frameworks/Slack Helper.app,Identified Developer,,com.tinyspeck.slackmacgap.helper,444000065,"Developer ID Application: SLACK TECHNOLOGIES L.L.C. (BQR82RBBHL), Developer ID Certification Authority, Apple Root CA",4.44.65
Robert Garrett,Slack Helper,,,Robert‚Äôs MacBook Pro,Mac,/Users/rg/Library/Caches/com.tinyspeck.slackmacgap.ShipIt/update.zESGRSi/Slack.app/Contents/Frameworks/Slack Helper.app,Identified Developer,,com.tinyspeck.slackmacgap.helper,444000065,"Developer ID Application: SLACK TECHNOLOGIES L.L.C. (BQR82RBBHL), Developer ID Certification Authority, Apple Root CA",4.44.65
Robert Garrett,Slack Helper,,,Robert‚Äôs MacBook Pro,Mac,/Users/rg/Library/Caches/com.tinyspeck.slackmacgap.ShipIt/update.zsZosTR/Slack.app/Contents/Frameworks/Slack Helper.app,Identified Developer,,com.tinyspeck.slackmacgap.helper,444000065,"Developer ID Application: SLACK TECHNOLOGIES L.L.C. (BQR82RBBHL), Developer ID Certification Authority, Apple Root CA",4.44.65
Robert Garrett,Slack Helper,,,Robert‚Äôs MacBook Pro,Mac,/Users/rg/Library/Caches/com.tinyspeck.slackmacgap.ShipIt/update.ZxsEWQP/Slack.app/Contents/Frameworks/Slack Helper.app,Identified Developer,,com.tinyspeck.slackmacgap.helper,444000065,"Developer ID Application: SLACK TECHNOLOGIES L.L.C. (BQR82RBBHL), Developer ID Certification Authority, Apple Root CA",4.44.65
Robert Garrett,Slack Helper (GPU),,,Robert‚Äôs MacBook Pro,Mac,/Applications/Slack.app/Contents/Frameworks/Slack Helper (GPU).app,Identified Developer,,com.tinyspeck.slackmacgap.helper,444000065,"Developer ID Application: SLACK TECHNOLOGIES L.L.C. (BQR82RBBHL), Developer ID Certification Authority, Apple Root CA",4.44.65
Robert Garrett,Slack Helper (GPU),,,Robert‚Äôs MacBook Pro,Mac,/Users/rg/Library/Caches/com.tinyspeck.slackmacgap.ShipIt/update.0uhkOM7/Slack.app/Contents/Frameworks/Slack Helper (GPU).app,Identified Developer,,com.tinyspeck.slackmacgap.helper,444000065,"Developer ID Application: SLACK TECHNOLOGIES L.L.C. (BQR82RBBHL), Developer ID Certification Authority, Apple Root CA",4.44.65
Robert Garrett,Slack Helper (GPU),,,Robert‚Äôs MacBook Pro,Mac,/Users/rg/Library/Caches/com.tinyspeck.slackmacgap.ShipIt/update.1513R4K/Slack.app/Contents/Frameworks/Slack Helper (GPU).app,Identified Developer,,com.tinyspeck.slackmacgap.helper,444000065,"Developer ID Application: SLACK TECHNOLOGIES L.L.C. (BQR82RBBHL), Developer ID Certification Authority, Apple Root CA",4.44.65
Robert Garrett,Slack Helper (GPU),,,Robert‚Äôs MacBook Pro,Mac,/Users/rg/Library/Caches/com.tinyspeck.slackmacgap.ShipIt/update.1iUkWot/Slack.app/Contents/Frameworks/Slack Helper (GPU).app,Identified Developer,,com.tinyspeck.slackmacgap.helper,444000065,"Developer ID Application: SLACK TECHNOLOGIES L.L.C. (BQR82RBBHL), Developer ID Certification Authority, Apple Root CA",4.44.65
Robert Garrett,Slack Helper (GPU),,,Robert‚Äôs MacBook Pro,Mac,/Users/rg/Library/Caches/com.tinyspeck.slackmacgap.ShipIt/update.1wdiibC/Slack.app/Contents/Frameworks/Slack Helper (GPU).app,Identified Developer,,com.tinyspeck.slackmacgap.helper,444000065,"Developer ID Application: SLACK TECHNOLOGIES L.L.C. (BQR82RBBHL), Developer ID Certification Authority, Apple Root CA",4.44.65
Robert Garrett,Slack Helper (GPU),,,Robert‚Äôs MacBook Pro,Mac,/Users/rg/Library/Caches/com.tinyspeck.slackmacgap.ShipIt/update.1wHcZPI/Slack.app/Contents/Frameworks/Slack Helper (GPU).app,Identified Developer,,com.tinyspeck.slackmacgap.helper,444000065,"Developer ID Application: SLACK TECHNOLOGIES L.L.C. (BQR82RBBHL), Developer ID Certification Authority, Apple Root CA",4.44.65
Robert Garrett,Slack Helper (GPU),,,Robert‚Äôs MacBook Pro,Mac,/Users/rg/Library/Caches/com.tinyspeck.slackmacgap.ShipIt/update.2vcPKnE/Slack.app/Contents/Frameworks/Slack Helper (GPU).app,Identified Developer,,com.tinyspeck.slackmacgap.helper,444000065,"Developer ID Application: SLACK TECHNOLOGIES L.L.C. (BQR82RBBHL), Developer ID Certification Authority, Apple Root CA",4.44.65
Robert Garrett,Slack Helper (GPU),,,Robert‚Äôs MacBook Pro,Mac,/Users/rg/Library/Caches/com.tinyspeck.slackmacgap.ShipIt/update.3HZXR0i/Slack.app/Contents/Frameworks/Slack Helper (GPU).app,Identified Developer,,com.tinyspeck.slackmacgap.helper,444000065,"Developer ID Application: SLACK TECHNOLOGIES L.L.C. (BQR82RBBHL), Developer ID Certification Authority, Apple Root CA",4.44.65
Robert Garrett,Slack Helper (GPU),,,Robert‚Äôs MacBook Pro,Mac,/Users/rg/Library/Caches/com.tinyspeck.slackmacgap.ShipIt/update.3iuAxbm/Slack.app/Contents/Frameworks/Slack Helper (GPU).app,Identified Developer,,com.tinyspeck.slackmacgap.helper,444000065,"Developer ID Application: SLACK TECHNOLOGIES L.L.C. (BQR82RBBHL), Developer ID Certification Authority, Apple Root CA",4.44.65
Robert Garrett,Slack Helper (GPU),,,Robert‚Äôs MacBook Pro,Mac,/Users/rg/Library/Caches/com.tinyspeck.slackmacgap.ShipIt/update.4m2qVxx/Slack.app/Contents/Frameworks/Slack Helper (GPU).app,Identified Developer,,com.tinyspeck.slackmacgap.helper,444000065,"Developer ID Application: SLACK TECHNOLOGIES L.L.C. (BQR82RBBHL), Developer ID Certification Authority, Apple Root CA",4.44.65
Robert Garrett,Slack Helper (GPU),,,Robert‚Äôs MacBook Pro,Mac,/Users/rg/Library/Caches/com.tinyspeck.slackmacgap.ShipIt/update.4SW2USu/Slack.app/Contents/Frameworks/Slack Helper (GPU).app,Identified Developer,,com.tinyspeck.slackmacgap.helper,444000065,"Developer ID Application: SLACK TECHNOLOGIES L.L.C. (BQR82RBBHL), Developer ID Certification Authority, Apple Root CA",4.44.65
Robert Garrett,Slack Helper (GPU),,,Robert‚Äôs MacBook Pro,Mac,/Users/rg/Library/Caches/com.tinyspeck.slackmacgap.ShipIt/update.5bcD0mF/Slack.app/Contents/Frameworks/Slack Helper (GPU).app,Identified Developer,,com.tinyspeck.slackmacgap.helper,444000065,"Developer ID Application: SLACK TECHNOLOGIES L.L.C. (BQR82RBBHL), Developer ID Certification Authority, Apple Root CA",4.44.65
Robert Garrett,Slack Helper (GPU),,,Robert‚Äôs MacBook Pro,Mac,/Users/rg/Library/Caches/com.tinyspeck.slackmacgap.ShipIt/update.5eMHkBp/Slack.app/Contents/Frameworks/Slack Helper (GPU).app,Identified Developer,,com.tinyspeck.slackmacgap.helper,444000065,"Developer ID Application: SLACK TECHNOLOGIES L.L.C. (BQR82RBBHL), Developer ID Certification Authority, Apple Root CA",4.44.65
Robert Garrett,Slack Helper (GPU),,,Robert‚Äôs MacBook Pro,Mac,/Users/rg/Library/Caches/com.tinyspeck.slackmacgap.ShipIt/update.5VubLAC/Slack.app/Contents/Frameworks/Slack Helper (GPU).app,Identified Developer,,com.tinyspeck.slackmacgap.helper,444000065,"Developer ID Application: SLACK TECHNOLOGIES L.L.C. (BQR82RBBHL), Developer ID Certification Authority, Apple Root CA",4.44.65
Robert Garrett,Slack Helper (GPU),,,Robert‚Äôs MacBook Pro,Mac,/Users/rg/Library/Caches/com.tinyspeck.slackmacgap.ShipIt/update.60cGrcn/Slack.app/Contents/Frameworks/Slack Helper (GPU).app,Identified Developer,,com.tinyspeck.slackmacgap.helper,444000065,"Developer ID Application: SLACK TECHNOLOGIES L.L.C. (BQR82RBBHL), Developer ID Certification Authority, Apple Root CA",4.44.65
Robert Garrett,Slack Helper (GPU),,,Robert‚Äôs MacBook Pro,Mac,/Users/rg/Library/Caches/com.tinyspeck.slackmacgap.ShipIt/update.77viFcg/Slack.app/Contents/Frameworks/Slack Helper (GPU).app,Identified Developer,,com.tinyspeck.slackmacgap.helper,444000065,"Developer ID Application: SLACK TECHNOLOGIES L.L.C. (BQR82RBBHL), Developer ID Certification Authority, Apple Root CA",4.44.65
Robert Garrett,Slack Helper (GPU),,,Robert‚Äôs MacBook Pro,Mac,/Users/rg/Library/Caches/com.tinyspeck.slackmacgap.ShipIt/update.7gD7A8z/Slack.app/Contents/Frameworks/Slack Helper (GPU).app,Identified Developer,,com.tinyspeck.slackmacgap.helper,444000065,"Developer ID Application: SLACK TECHNOLOGIES L.L.C. (BQR82RBBHL), Developer ID Certification Authority, Apple Root CA",4.44.65
Robert Garrett,Slack Helper (GPU),,,Robert‚Äôs MacBook Pro,Mac,/Users/rg/Library/Caches/com.tinyspeck.slackmacgap.ShipIt/update.7NQAh1n/Slack.app/Contents/Frameworks/Slack Helper (GPU).app,Identified Developer,,com.tinyspeck.slackmacgap.helper,444000065,"Developer ID Application: SLACK TECHNOLOGIES L.L.C. (BQR82RBBHL), Developer ID Certification Authority, Apple Root CA",4.44.65
Robert Garrett,Slack Helper (GPU),,,Robert‚Äôs MacBook Pro,Mac,/Users/rg/Library/Caches/com.tinyspeck.slackmacgap.ShipIt/update.7qKDW4B/Slack.app/Contents/Frameworks/Slack Helper (GPU).app,Identified Developer,,com.tinyspeck.slackmacgap.helper,444000065,"Developer ID Application: SLACK TECHNOLOGIES L.L.C. (BQR82RBBHL), Developer ID Certification Authority, Apple Root CA",4.44.65
Robert Garrett,Slack Helper (GPU),,,Robert‚Äôs MacBook Pro,Mac,/Users/rg/Library/Caches/com.tinyspeck.slackmacgap.ShipIt/update.8P0THAu/Slack.app/Contents/Frameworks/Slack Helper (GPU).app,Identified Developer,,com.tinyspeck.slackmacgap.helper,444000065,"Developer ID Application: SLACK TECHNOLOGIES L.L.C. (BQR82RBBHL), Developer ID Certification Authority, Apple Root CA",4.44.65
Robert Garrett,Slack Helper (GPU),,,Robert‚Äôs MacBook Pro,Mac,/Users/rg/Library/Caches/com.tinyspeck.slackmacgap.ShipIt/update.8RTVjO4/Slack.app/Contents/Frameworks/Slack Helper (GPU).app,Identified Developer,,com.tinyspeck.slackmacgap.helper,444000065,"Developer ID Application: SLACK TECHNOLOGIES L.L.C. (BQR82RBBHL), Developer ID Certification Authority, Apple Root CA",4.44.65
Robert Garrett,Slack Helper (GPU),,,Robert‚Äôs MacBook Pro,Mac,/Users/rg/Library/Caches/com.tinyspeck.slackmacgap.ShipIt/update.99Shh7U/Slack.app/Contents/Frameworks/Slack Helper (GPU).app,Identified Developer,,com.tinyspeck.slackmacgap.helper,444000065,"Developer ID Application: SLACK TECHNOLOGIES L.L.C. (BQR82RBBHL), Developer ID Certification Authority, Apple Root CA",4.44.65
Robert Garrett,Slack Helper (GPU),,,Robert‚Äôs MacBook Pro,Mac,/Users/rg/Library/Caches/com.tinyspeck.slackmacgap.ShipIt/update.9tqOj5S/Slack.app/Contents/Frameworks/Slack Helper (GPU).app,Identified Developer,,com.tinyspeck.slackmacgap.helper,444000065,"Developer ID Application: SLACK TECHNOLOGIES L.L.C. (BQR82RBBHL), Developer ID Certification Authority, Apple Root CA",4.44.65
Robert Garrett,Slack Helper (GPU),,,Robert‚Äôs MacBook Pro,Mac,/Users/rg/Library/Caches/com.tinyspeck.slackmacgap.ShipIt/update.ap3ti8r/Slack.app/Contents/Frameworks/Slack Helper (GPU).app,Identified Developer,,com.tinyspeck.slackmacgap.helper,444000065,"Developer ID Application: SLACK TECHNOLOGIES L.L.C. (BQR82RBBHL), Developer ID Certification Authority, Apple Root CA",4.44.65
Robert Garrett,Slack Helper (GPU),,,Robert‚Äôs MacBook Pro,Mac,/Users/rg/Library/Caches/com.tinyspeck.slackmacgap.ShipIt/update.b8f4Jzu/Slack.app/Contents/Frameworks/Slack Helper (GPU).app,Identified Developer,,com.tinyspeck.slackmacgap.helper,444000065,"Developer ID Application: SLACK TECHNOLOGIES L.L.C. (BQR82RBBHL), Developer ID Certification Authority, Apple Root CA",4.44.65
Robert Garrett,Slack Helper (GPU),,,Robert‚Äôs MacBook Pro,Mac,/Users/rg/Library/Caches/com.tinyspeck.slackmacgap.ShipIt/update.cEnwrBM/Slack.app/Contents/Frameworks/Slack Helper (GPU).app,Identified Developer,,com.tinyspeck.slackmacgap.helper,444000065,"Developer ID Application: SLACK TECHNOLOGIES L.L.C. (BQR82RBBHL), Developer ID Certification Authority, Apple Root CA",4.44.65
Robert Garrett,Slack Helper (GPU),,,Robert‚Äôs MacBook Pro,Mac,/Users/rg/Library/Caches/com.tinyspeck.slackmacgap.ShipIt/update.cqhvWtw/Slack.app/Contents/Frameworks/Slack Helper (GPU).app,Identified Developer,,com.tinyspeck.slackmacgap.helper,444000065,"Developer ID Application: SLACK TECHNOLOGIES L.L.C. (BQR82RBBHL), Developer ID Certification Authority, Apple Root CA",4.44.65
Robert Garrett,Slack Helper (GPU),,,Robert‚Äôs MacBook Pro,Mac,/Users/rg/Library/Caches/com.tinyspeck.slackmacgap.ShipIt/update.DAEpTfr/Slack.app/Contents/Frameworks/Slack Helper (GPU).app,Identified Developer,,com.tinyspeck.slackmacgap.helper,444000065,"Developer ID Application: SLACK TECHNOLOGIES L.L.C. (BQR82RBBHL), Developer ID Certification Authority, Apple Root CA",4.44.65
Robert Garrett,Slack Helper (GPU),,,Robert‚Äôs MacBook Pro,Mac,/Users/rg/Library/Caches/com.tinyspeck.slackmacgap.ShipIt/update.DHWCzJp/Slack.app/Contents/Frameworks/Slack Helper (GPU).app,Identified Developer,,com.tinyspeck.slackmacgap.helper,444000065,"Developer ID Application: SLACK TECHNOLOGIES L.L.C. (BQR82RBBHL), Developer ID Certification Authority, Apple Root CA",4.44.65
Robert Garrett,Slack Helper (GPU),,,Robert‚Äôs MacBook Pro,Mac,/Users/rg/Library/Caches/com.tinyspeck.slackmacgap.ShipIt/update.dSLpQUP/Slack.app/Contents/Frameworks/Slack Helper (GPU).app,Identified Developer,,com.tinyspeck.slackmacgap.helper,444000065,"Developer ID Application: SLACK TECHNOLOGIES L.L.C. (BQR82RBBHL), Developer ID Certification Authority, Apple Root CA",4.44.65
Robert Garrett,Slack Helper (GPU),,,Robert‚Äôs MacBook Pro,Mac,/Users/rg/Library/Caches/com.tinyspeck.slackmacgap.ShipIt/update.EivlUt0/Slack.app/Contents/Frameworks/Slack Helper (GPU).app,Identified Developer,,com.tinyspeck.slackmacgap.helper,444000065,"Developer ID Application: SLACK TECHNOLOGIES L.L.C. (BQR82RBBHL), Developer ID Certification Authority, Apple Root CA",4.44.65
Robert Garrett,Slack Helper (GPU),,,Robert‚Äôs MacBook Pro,Mac,/Users/rg/Library/Caches/com.tinyspeck.slackmacgap.ShipIt/update.ELWrhT3/Slack.app/Contents/Frameworks/Slack Helper (GPU).app,Identified Developer,,com.tinyspeck.slackmacgap.helper,444000065,"Developer ID Application: SLACK TECHNOLOGIES L.L.C. (BQR82RBBHL), Developer ID Certification Authority, Apple Root CA",4.44.65
Robert Garrett,Slack Helper (GPU),,,Robert‚Äôs MacBook Pro,Mac,/Users/rg/Library/Caches/com.tinyspeck.slackmacgap.ShipIt/update.eqItqs2/Slack.app/Contents/Frameworks/Slack Helper (GPU).app,Identified Developer,,com.tinyspeck.slackmacgap.helper,444000065,"Developer ID Application: SLACK TECHNOLOGIES L.L.C. (BQR82RBBHL), Developer ID Certification Authority, Apple Root CA",4.44.65
Robert Garrett,Slack Helper (GPU),,,Robert‚Äôs MacBook Pro,Mac,/Users/rg/Library/Caches/com.tinyspeck.slackmacgap.ShipIt/update.F1EvgVo/Slack.app/Contents/Frameworks/Slack Helper (GPU).app,Identified Developer,,com.tinyspeck.slackmacgap.helper,444000065,"Developer ID Application: SLACK TECHNOLOGIES L.L.C. (BQR82RBBHL), Developer ID Certification Authority, Apple Root CA",4.44.65
Robert Garrett,Slack Helper (GPU),,,Robert‚Äôs MacBook Pro,Mac,/Users/rg/Library/Caches/com.tinyspeck.slackmacgap.ShipIt/update.f3Vqyge/Slack.app/Contents/Frameworks/Slack Helper (GPU).app,Identified Developer,,com.tinyspeck.slackmacgap.helper,444000065,"Developer ID Application: SLACK TECHNOLOGIES L.L.C. (BQR82RBBHL), Developer ID Certification Authority, Apple Root CA",4.44.65
Robert Garrett,Slack Helper (GPU),,,Robert‚Äôs MacBook Pro,Mac,/Users/rg/Library/Caches/com.tinyspeck.slackmacgap.ShipIt/update.fhfeyzr/Slack.app/Contents/Frameworks/Slack Helper (GPU).app,Identified Developer,,com.tinyspeck.slackmacgap.helper,444000065,"Developer ID Application: SLACK TECHNOLOGIES L.L.C. (BQR82RBBHL), Developer ID Certification Authority, Apple Root CA",4.44.65
Robert Garrett,Slack Helper (GPU),,,Robert‚Äôs MacBook Pro,Mac,/Users/rg/Library/Caches/com.tinyspeck.slackmacgap.ShipIt/update.fi6RVmw/Slack.app/Contents/Frameworks/Slack Helper (GPU).app,Identified Developer,,com.tinyspeck.slackmacgap.helper,444000065,"Developer ID Application: SLACK TECHNOLOGIES L.L.C. (BQR82RBBHL), Developer ID Certification Authority, Apple Root CA",4.44.65
Robert Garrett,Slack Helper (GPU),,,Robert‚Äôs MacBook Pro,Mac,/Users/rg/Library/Caches/com.tinyspeck.slackmacgap.ShipIt/update.FiCetou/Slack.app/Contents/Frameworks/Slack Helper (GPU).app,Identified Developer,,com.tinyspeck.slackmacgap.helper,444000065,"Developer ID Application: SLACK TECHNOLOGIES L.L.C. (BQR82RBBHL), Developer ID Certification Authority, Apple Root CA",4.44.65
Robert Garrett,Slack Helper (GPU),,,Robert‚Äôs MacBook Pro,Mac,/Users/rg/Library/Caches/com.tinyspeck.slackmacgap.ShipIt/update.fkYpPFg/Slack.app/Contents/Frameworks/Slack Helper (GPU).app,Identified Developer,,com.tinyspeck.slackmacgap.helper,444000065,"Developer ID Application: SLACK TECHNOLOGIES L.L.C. (BQR82RBBHL), Developer ID Certification Authority, Apple Root CA",4.44.65
Robert Garrett,Slack Helper (GPU),,,Robert‚Äôs MacBook Pro,Mac,/Users/rg/Library/Caches/com.tinyspeck.slackmacgap.ShipIt/update.FW6opSl/Slack.app/Contents/Frameworks/Slack Helper (GPU).app,Identified Developer,,com.tinyspeck.slackmacgap.helper,444000065,"Developer ID Application: SLACK TECHNOLOGIES L.L.C. (BQR82RBBHL), Developer ID Certification Authority, Apple Root CA",4.44.65
Robert Garrett,Slack Helper (GPU),,,Robert‚Äôs MacBook Pro,Mac,/Users/rg/Library/Caches/com.tinyspeck.slackmacgap.ShipIt/update.G5T1xzs/Slack.app/Contents/Frameworks/Slack Helper (GPU).app,Identified Developer,,com.tinyspeck.slackmacgap.helper,444000065,"Developer ID Application: SLACK TECHNOLOGIES L.L.C. (BQR82RBBHL), Developer ID Certification Authority, Apple Root CA",4.44.65
Robert Garrett,Slack Helper (GPU),,,Robert‚Äôs MacBook Pro,Mac,/Users/rg/Library/Caches/com.tinyspeck.slackmacgap.ShipIt/update.gDPyZXv/Slack.app/Contents/Frameworks/Slack Helper (GPU).app,Identified Developer,,com.tinyspeck.slackmacgap.helper,444000065,"Developer ID Application: SLACK TECHNOLOGIES L.L.C. (BQR82RBBHL), Developer ID Certification Authority, Apple Root CA",4.44.65
Robert Garrett,Slack Helper (GPU),,,Robert‚Äôs MacBook Pro,Mac,/Users/rg/Library/Caches/com.tinyspeck.slackmacgap.ShipIt/update.gGfVjcg/Slack.app/Contents/Frameworks/Slack Helper (GPU).app,Identified Developer,,com.tinyspeck.slackmacgap.helper,444000065,"Developer ID Application: SLACK TECHNOLOGIES L.L.C. (BQR82RBBHL), Developer ID Certification Authority, Apple Root CA",4.44.65
Robert Garrett,Slack Helper (GPU),,,Robert‚Äôs MacBook Pro,Mac,/Users/rg/Library/Caches/com.tinyspeck.slackmacgap.ShipIt/update.GjP0Axt/Slack.app/Contents/Frameworks/Slack Helper (GPU).app,Identified Developer,,com.tinyspeck.slackmacgap.helper,444000065,"Developer ID Application: SLACK TECHNOLOGIES L.L.C. (BQR82RBBHL), Developer ID Certification Authority, Apple Root CA",4.44.65
Robert Garrett,Slack Helper (GPU),,,Robert‚Äôs MacBook Pro,Mac,/Users/rg/Library/Caches/com.tinyspeck.slackmacgap.ShipIt/update.hk5QmuQ/Slack.app/Contents/Frameworks/Slack Helper (GPU).app,Identified Developer,,com.tinyspeck.slackmacgap.helper,444000065,"Developer ID Application: SLACK TECHNOLOGIES L.L.C. (BQR82RBBHL), Developer ID Certification Authority, Apple Root CA",4.44.65
Robert Garrett,Slack Helper (GPU),,,Robert‚Äôs MacBook Pro,Mac,/Users/rg/Library/Caches/com.tinyspeck.slackmacgap.ShipIt/update.hLw4Ir7/Slack.app/Contents/Frameworks/Slack Helper (GPU).app,Identified Developer,,com.tinyspeck.slackmacgap.helper,444000065,"Developer ID Application: SLACK TECHNOLOGIES L.L.C. (BQR82RBBHL), Developer ID Certification Authority, Apple Root CA",4.44.65
Robert Garrett,Slack Helper (GPU),,,Robert‚Äôs MacBook Pro,Mac,/Users/rg/Library/Caches/com.tinyspeck.slackmacgap.ShipIt/update.hOLLKUF/Slack.app/Contents/Frameworks/Slack Helper (GPU).app,Identified Developer,,com.tinyspeck.slackmacgap.helper,444000065,"Developer ID Application: SLACK TECHNOLOGIES L.L.C. (BQR82RBBHL), Developer ID Certification Authority, Apple Root CA",4.44.65
Robert Garrett,Slack Helper (GPU),,,Robert‚Äôs MacBook Pro,Mac,/Users/rg/Library/Caches/com.tinyspeck.slackmacgap.ShipIt/update.hsKvbds/Slack.app/Contents/Frameworks/Slack Helper (GPU).app,Identified Developer,,com.tinyspeck.slackmacgap.helper,444000065,"Developer ID Application: SLACK TECHNOLOGIES L.L.C. (BQR82RBBHL), Developer ID Certification Authority, Apple Root CA",4.44.65
Robert Garrett,Slack Helper (GPU),,,Robert‚Äôs MacBook Pro,Mac,/Users/rg/Library/Caches/com.tinyspeck.slackmacgap.ShipIt/update.hx3iMj5/Slack.app/Contents/Frameworks/Slack Helper (GPU).app,Identified Developer,,com.tinyspeck.slackmacgap.helper,444000065,"Developer ID Application: SLACK TECHNOLOGIES L.L.C. (BQR82RBBHL), Developer ID Certification Authority, Apple Root CA",4.44.65
Robert Garrett,Slack Helper (GPU),,,Robert‚Äôs MacBook Pro,Mac,/Users/rg/Library/Caches/com.tinyspeck.slackmacgap.ShipIt/update.I3zYqhg/Slack.app/Contents/Frameworks/Slack Helper (GPU).app,Identified Developer,,com.tinyspeck.slackmacgap.helper,444000065,"Developer ID Application: SLACK TECHNOLOGIES L.L.C. (BQR82RBBHL), Developer ID Certification Authority, Apple Root CA",4.44.65
Robert Garrett,Slack Helper (GPU),,,Robert‚Äôs MacBook Pro,Mac,/Users/rg/Library/Caches/com.tinyspeck.slackmacgap.ShipIt/update.IMtv6yl/Slack.app/Contents/Frameworks/Slack Helper (GPU).app,Identified Developer,,com.tinyspeck.slackmacgap.helper,444000065,"Developer ID Application: SLACK TECHNOLOGIES L.L.C. (BQR82RBBHL), Developer ID Certification Authority, Apple Root CA",4.44.65
Robert Garrett,Slack Helper (GPU),,,Robert‚Äôs MacBook Pro,Mac,/Users/rg/Library/Caches/com.tinyspeck.slackmacgap.ShipIt/update.IxJassT/Slack.app/Contents/Frameworks/Slack Helper (GPU).app,Identified Developer,,com.tinyspeck.slackmacgap.helper,444000065,"Developer ID Application: SLACK TECHNOLOGIES L.L.C. (BQR82RBBHL), Developer ID Certification Authority, Apple Root CA",4.44.65
Robert Garrett,Slack Helper (GPU),,,Robert‚Äôs MacBook Pro,Mac,/Users/rg/Library/Caches/com.tinyspeck.slackmacgap.ShipIt/update.JXVP5Hd/Slack.app/Contents/Frameworks/Slack Helper (GPU).app,Identified Developer,,com.tinyspeck.slackmacgap.helper,444000065,"Developer ID Application: SLACK TECHNOLOGIES L.L.C. (BQR82RBBHL), Developer ID Certification Authority, Apple Root CA",4.44.65
Robert Garrett,Slack Helper (GPU),,,Robert‚Äôs MacBook Pro,Mac,/Users/rg/Library/Caches/com.tinyspeck.slackmacgap.ShipIt/update.lfEs8U2/Slack.app/Contents/Frameworks/Slack Helper (GPU).app,Identified Developer,,com.tinyspeck.slackmacgap.helper,444000065,"Developer ID Application: SLACK TECHNOLOGIES L.L.C. (BQR82RBBHL), Developer ID Certification Authority, Apple Root CA",4.44.65
Robert Garrett,Slack Helper (GPU),,,Robert‚Äôs MacBook Pro,Mac,/Users/rg/Library/Caches/com.tinyspeck.slackmacgap.ShipIt/update.ljYECPW/Slack.app/Contents/Frameworks/Slack Helper (GPU).app,Identified Developer,,com.tinyspeck.slackmacgap.helper,444000065,"Developer ID Application: SLACK TECHNOLOGIES L.L.C. (BQR82RBBHL), Developer ID Certification Authority, Apple Root CA",4.44.65
Robert Garrett,Slack Helper (GPU),,,Robert‚Äôs MacBook Pro,Mac,/Users/rg/Library/Caches/com.tinyspeck.slackmacgap.ShipIt/update.MfHNlDn/Slack.app/Contents/Frameworks/Slack Helper (GPU).app,Identified Developer,,com.tinyspeck.slackmacgap.helper,444000065,"Developer ID Application: SLACK TECHNOLOGIES L.L.C. (BQR82RBBHL), Developer ID Certification Authority, Apple Root CA",4.44.65
Robert Garrett,Slack Helper (GPU),,,Robert‚Äôs MacBook Pro,Mac,/Users/rg/Library/Caches/com.tinyspeck.slackmacgap.ShipIt/update.mj2hxzO/Slack.app/Contents/Frameworks/Slack Helper (GPU).app,Identified Developer,,com.tinyspeck.slackmacgap.helper,444000065,"Developer ID Application: SLACK TECHNOLOGIES L.L.C. (BQR82RBBHL), Developer ID Certification Authority, Apple Root CA",4.44.65
Robert Garrett,Slack Helper (GPU),,,Robert‚Äôs MacBook Pro,Mac,/Users/rg/Library/Caches/com.tinyspeck.slackmacgap.ShipIt/update.mMFGnqq/Slack.app/Contents/Frameworks/Slack Helper (GPU).app,Identified Developer,,com.tinyspeck.slackmacgap.helper,444000065,"Developer ID Application: SLACK TECHNOLOGIES L.L.C. (BQR82RBBHL), Developer ID Certification Authority, Apple Root CA",4.44.65
Robert Garrett,Slack Helper (GPU),,,Robert‚Äôs MacBook Pro,Mac,/Users/rg/Library/Caches/com.tinyspeck.slackmacgap.ShipIt/update.n2hmgDj/Slack.app/Contents/Frameworks/Slack Helper (GPU).app,Identified Developer,,com.tinyspeck.slackmacgap.helper,444000065,"Developer ID Application: SLACK TECHNOLOGIES L.L.C. (BQR82RBBHL), Developer ID Certification Authority, Apple Root CA",4.44.65
Robert Garrett,Slack Helper (GPU),,,Robert‚Äôs MacBook Pro,Mac,/Users/rg/Library/Caches/com.tinyspeck.slackmacgap.ShipIt/update.NMY4Cez/Slack.app/Contents/Frameworks/Slack Helper (GPU).app,Identified Developer,,com.tinyspeck.slackmacgap.helper,444000065,"Developer ID Application: SLACK TECHNOLOGIES L.L.C. (BQR82RBBHL), Developer ID Certification Authority, Apple Root CA",4.44.65
Robert Garrett,Slack Helper (GPU),,,Robert‚Äôs MacBook Pro,Mac,/Users/rg/Library/Caches/com.tinyspeck.slackmacgap.ShipIt/update.nO8bU4P/Slack.app/Contents/Frameworks/Slack Helper (GPU).app,Identified Developer,,com.tinyspeck.slackmacgap.helper,444000065,"Developer ID Application: SLACK TECHNOLOGIES L.L.C. (BQR82RBBHL), Developer ID Certification Authority, Apple Root CA",4.44.65
Robert Garrett,Slack Helper (GPU),,,Robert‚Äôs MacBook Pro,Mac,/Users/rg/Library/Caches/com.tinyspeck.slackmacgap.ShipIt/update.nP1JVQG/Slack.app/Contents/Frameworks/Slack Helper (GPU).app,Identified Developer,,com.tinyspeck.slackmacgap.helper,444000065,"Developer ID Application: SLACK TECHNOLOGIES L.L.C. (BQR82RBBHL), Developer ID Certification Authority, Apple Root CA",4.44.65
Robert Garrett,Slack Helper (GPU),,,Robert‚Äôs MacBook Pro,Mac,/Users/rg/Library/Caches/com.tinyspeck.slackmacgap.ShipIt/update.O79XVxf/Slack.app/Contents/Frameworks/Slack Helper (GPU).app,Identified Developer,,com.tinyspeck.slackmacgap.helper,444000065,"Developer ID Application: SLACK TECHNOLOGIES L.L.C. (BQR82RBBHL), Developer ID Certification Authority, Apple Root CA",4.44.65
Robert Garrett,Slack Helper (GPU),,,Robert‚Äôs MacBook Pro,Mac,/Users/rg/Library/Caches/com.tinyspeck.slackmacgap.ShipIt/update.oqs4oiI/Slack.app/Contents/Frameworks/Slack Helper (GPU).app,Identified Developer,,com.tinyspeck.slackmacgap.helper,444000065,"Developer ID Application: SLACK TECHNOLOGIES L.L.C. (BQR82RBBHL), Developer ID Certification Authority, Apple Root CA",4.44.65
Robert Garrett,Slack Helper (GPU),,,Robert‚Äôs MacBook Pro,Mac,/Users/rg/Library/Caches/com.tinyspeck.slackmacgap.ShipIt/update.OWIxUCH/Slack.app/Contents/Frameworks/Slack Helper (GPU).app,Identified Developer,,com.tinyspeck.slackmacgap.helper,444000065,"Developer ID Application: SLACK TECHNOLOGIES L.L.C. (BQR82RBBHL), Developer ID Certification Authority, Apple Root CA",4.44.65
Robert Garrett,Slack Helper (GPU),,,Robert‚Äôs MacBook Pro,Mac,/Users/rg/Library/Caches/com.tinyspeck.slackmacgap.ShipIt/update.p25SrtR/Slack.app/Contents/Frameworks/Slack Helper (GPU).app,Identified Developer,,com.tinyspeck.slackmacgap.helper,444000065,"Developer ID Application: SLACK TECHNOLOGIES L.L.C. (BQR82RBBHL), Developer ID Certification Authority, Apple Root CA",4.44.65
Robert Garrett,Slack Helper (GPU),,,Robert‚Äôs MacBook Pro,Mac,/Users/rg/Library/Caches/com.tinyspeck.slackmacgap.ShipIt/update.p7TzA9p/Slack.app/Contents/Frameworks/Slack Helper (GPU).app,Identified Developer,,com.tinyspeck.slackmacgap.helper,444000065,"Developer ID Application: SLACK TECHNOLOGIES L.L.C. (BQR82RBBHL), Developer ID Certification Authority, Apple Root CA",4.44.65
Robert Garrett,Slack Helper (GPU),,,Robert‚Äôs MacBook Pro,Mac,/Users/rg/Library/Caches/com.tinyspeck.slackmacgap.ShipIt/update.pFKzq0a/Slack.app/Contents/Frameworks/Slack Helper (GPU).app,Identified Developer,,com.tinyspeck.slackmacgap.helper,444000065,"Developer ID Application: SLACK TECHNOLOGIES L.L.C. (BQR82RBBHL), Developer ID Certification Authority, Apple Root CA",4.44.65
Robert Garrett,Slack Helper (GPU),,,Robert‚Äôs MacBook Pro,Mac,/Users/rg/Library/Caches/com.tinyspeck.slackmacgap.ShipIt/update.PkESxXk/Slack.app/Contents/Frameworks/Slack Helper (GPU).app,Identified Developer,,com.tinyspeck.slackmacgap.helper,444000065,"Developer ID Application: SLACK TECHNOLOGIES L.L.C. (BQR82RBBHL), Developer ID Certification Authority, Apple Root CA",4.44.65
Robert Garrett,Slack Helper (GPU),,,Robert‚Äôs MacBook Pro,Mac,/Users/rg/Library/Caches/com.tinyspeck.slackmacgap.ShipIt/update.Pl1sMty/Slack.app/Contents/Frameworks/Slack Helper (GPU).app,Identified Developer,,com.tinyspeck.slackmacgap.helper,444000065,"Developer ID Application: SLACK TECHNOLOGIES L.L.C. (BQR82RBBHL), Developer ID Certification Authority, Apple Root CA",4.44.65
Robert Garrett,Slack Helper (GPU),,,Robert‚Äôs MacBook Pro,Mac,/Users/rg/Library/Caches/com.tinyspeck.slackmacgap.ShipIt/update.r5GtW0d/Slack.app/Contents/Frameworks/Slack Helper (GPU).app,Identified Developer,,com.tinyspeck.slackmacgap.helper,444000065,"Developer ID Application: SLACK TECHNOLOGIES L.L.C. (BQR82RBBHL), Developer ID Certification Authority, Apple Root CA",4.44.65
Robert Garrett,Slack Helper (GPU),,,Robert‚Äôs MacBook Pro,Mac,/Users/rg/Library/Caches/com.tinyspeck.slackmacgap.ShipIt/update.RBLXgtt/Slack.app/Contents/Frameworks/Slack Helper (GPU).app,Identified Developer,,com.tinyspeck.slackmacgap.helper,444000065,"Developer ID Application: SLACK TECHNOLOGIES L.L.C. (BQR82RBBHL), Developer ID Certification Authority, Apple Root CA",4.44.65
Robert Garrett,Slack Helper (GPU),,,Robert‚Äôs MacBook Pro,Mac,/Users/rg/Library/Caches/com.tinyspeck.slackmacgap.ShipIt/update.Rl5Wjxg/Slack.app/Contents/Frameworks/Slack Helper (GPU).app,Identified Developer,,com.tinyspeck.slackmacgap.helper,444000065,"Developer ID Application: SLACK TECHNOLOGIES L.L.C. (BQR82RBBHL), Developer ID Certification Authority, Apple Root CA",4.44.65
Robert Garrett,Slack Helper (GPU),,,Robert‚Äôs MacBook Pro,Mac,/Users/rg/Library/Caches/com.tinyspeck.slackmacgap.ShipIt/update.s6qVXWX/Slack.app/Contents/Frameworks/Slack Helper (GPU).app,Identified Developer,,com.tinyspeck.slackmacgap.helper,444000065,"Developer ID Application: SLACK TECHNOLOGIES L.L.C. (BQR82RBBHL), Developer ID Certification Authority, Apple Root CA",4.44.65
Robert Garrett,Slack Helper (GPU),,,Robert‚Äôs MacBook Pro,Mac,/Users/rg/Library/Caches/com.tinyspeck.slackmacgap.ShipIt/update.sbPpVbf/Slack.app/Contents/Frameworks/Slack Helper (GPU).app,Identified Developer,,com.tinyspeck.slackmacgap.helper,444000065,"Developer ID Application: SLACK TECHNOLOGIES L.L.C. (BQR82RBBHL), Developer ID Certification Authority, Apple Root CA",4.44.65
Robert Garrett,Slack Helper (GPU),,,Robert‚Äôs MacBook Pro,Mac,/Users/rg/Library/Caches/com.tinyspeck.slackmacgap.ShipIt/update.sbSyjQt/Slack.app/Contents/Frameworks/Slack Helper (GPU).app,Identified Developer,,com.tinyspeck.slackmacgap.helper,444000065,"Developer ID Application: SLACK TECHNOLOGIES L.L.C. (BQR82RBBHL), Developer ID Certification Authority, Apple Root CA",4.44.65
Robert Garrett,Slack Helper (GPU),,,Robert‚Äôs MacBook Pro,Mac,/Users/rg/Library/Caches/com.tinyspeck.slackmacgap.ShipIt/update.sxyZn9U/Slack.app/Contents/Frameworks/Slack Helper (GPU).app,Identified Developer,,com.tinyspeck.slackmacgap.helper,444000065,"Developer ID Application: SLACK TECHNOLOGIES L.L.C. (BQR82RBBHL), Developer ID Certification Authority, Apple Root CA",4.44.65
Robert Garrett,Slack Helper (GPU),,,Robert‚Äôs MacBook Pro,Mac,/Users/rg/Library/Caches/com.tinyspeck.slackmacgap.ShipIt/update.sYSUPVf/Slack.app/Contents/Frameworks/Slack Helper (GPU).app,Identified Developer,,com.tinyspeck.slackmacgap.helper,444000065,"Developer ID Application: SLACK TECHNOLOGIES L.L.C. (BQR82RBBHL), Developer ID Certification Authority, Apple Root CA",4.44.65
Robert Garrett,Slack Helper (GPU),,,Robert‚Äôs MacBook Pro,Mac,/Users/rg/Library/Caches/com.tinyspeck.slackmacgap.ShipIt/update.T3lWuOV/Slack.app/Contents/Frameworks/Slack Helper (GPU).app,Identified Developer,,com.tinyspeck.slackmacgap.helper,444000065,"Developer ID Application: SLACK TECHNOLOGIES L.L.C. (BQR82RBBHL), Developer ID Certification Authority, Apple Root CA",4.44.65
Robert Garrett,Slack Helper (GPU),,,Robert‚Äôs MacBook Pro,Mac,/Users/rg/Library/Caches/com.tinyspeck.slackmacgap.ShipIt/update.U7E5nYp/Slack.app/Contents/Frameworks/Slack Helper (GPU).app,Identified Developer,,com.tinyspeck.slackmacgap.helper,444000065,"Developer ID Application: SLACK TECHNOLOGIES L.L.C. (BQR82RBBHL), Developer ID Certification Authority, Apple Root CA",4.44.65
Robert Garrett,Slack Helper (GPU),,,Robert‚Äôs MacBook Pro,Mac,/Users/rg/Library/Caches/com.tinyspeck.slackmacgap.ShipIt/update.uDprMdj/Slack.app/Contents/Frameworks/Slack Helper (GPU).app,Identified Developer,,com.tinyspeck.slackmacgap.helper,444000065,"Developer ID Application: SLACK TECHNOLOGIES L.L.C. (BQR82RBBHL), Developer ID Certification Authority, Apple Root CA",4.44.65
Robert Garrett,Slack Helper (GPU),,,Robert‚Äôs MacBook Pro,Mac,/Users/rg/Library/Caches/com.tinyspeck.slackmacgap.ShipIt/update.UTWVDZu/Slack.app/Contents/Frameworks/Slack Helper (GPU).app,Identified Developer,,com.tinyspeck.slackmacgap.helper,444000065,"Developer ID Application: SLACK TECHNOLOGIES L.L.C. (BQR82RBBHL), Developer ID Certification Authority, Apple Root CA",4.44.65
Robert Garrett,Slack Helper (GPU),,,Robert‚Äôs MacBook Pro,Mac,/Users/rg/Library/Caches/com.tinyspeck.slackmacgap.ShipIt/update.v3R6F4l/Slack.app/Contents/Frameworks/Slack Helper (GPU).app,Identified Developer,,com.tinyspeck.slackmacgap.helper,444000065,"Developer ID Application: SLACK TECHNOLOGIES L.L.C. (BQR82RBBHL), Developer ID Certification Authority, Apple Root CA",4.44.65
Robert Garrett,Slack Helper (GPU),,,Robert‚Äôs MacBook Pro,Mac,/Users/rg/Library/Caches/com.tinyspeck.slackmacgap.ShipIt/update.VaaOhH6/Slack.app/Contents/Frameworks/Slack Helper (GPU).app,Identified Developer,,com.tinyspeck.slackmacgap.helper,444000065,"Developer ID Application: SLACK TECHNOLOGIES L.L.C. (BQR82RBBHL), Developer ID Certification Authority, Apple Root CA",4.44.65
Robert Garrett,Slack Helper (GPU),,,Robert‚Äôs MacBook Pro,Mac,/Users/rg/Library/Caches/com.tinyspeck.slackmacgap.ShipIt/update.vwdu3vX/Slack.app/Contents/Frameworks/Slack Helper (GPU).app,Identified Developer,,com.tinyspeck.slackmacgap.helper,444000065,"Developer ID Application: SLACK TECHNOLOGIES L.L.C. (BQR82RBBHL), Developer ID Certification Authority, Apple Root CA",4.44.65
Robert Garrett,Slack Helper (GPU),,,Robert‚Äôs MacBook Pro,Mac,/Users/rg/Library/Caches/com.tinyspeck.slackmacgap.ShipIt/update.WJD281m/Slack.app/Contents/Frameworks/Slack Helper (GPU).app,Identified Developer,,com.tinyspeck.slackmacgap.helper,444000065,"Developer ID Application: SLACK TECHNOLOGIES L.L.C. (BQR82RBBHL), Developer ID Certification Authority, Apple Root CA",4.44.65
Robert Garrett,Slack Helper (GPU),,,Robert‚Äôs MacBook Pro,Mac,/Users/rg/Library/Caches/com.tinyspeck.slackmacgap.ShipIt/update.wUH8xgx/Slack.app/Contents/Frameworks/Slack Helper (GPU).app,Identified Developer,,com.tinyspeck.slackmacgap.helper,444000065,"Developer ID Application: SLACK TECHNOLOGIES L.L.C. (BQR82RBBHL), Developer ID Certification Authority, Apple Root CA",4.44.65
Robert Garrett,Slack Helper (GPU),,,Robert‚Äôs MacBook Pro,Mac,/Users/rg/Library/Caches/com.tinyspeck.slackmacgap.ShipIt/update.wW4AIzg/Slack.app/Contents/Frameworks/Slack Helper (GPU).app,Identified Developer,,com.tinyspeck.slackmacgap.helper,444000065,"Developer ID Application: SLACK TECHNOLOGIES L.L.C. (BQR82RBBHL), Developer ID Certification Authority, Apple Root CA",4.44.65
Robert Garrett,Slack Helper (GPU),,,Robert‚Äôs MacBook Pro,Mac,/Users/rg/Library/Caches/com.tinyspeck.slackmacgap.ShipIt/update.XBRWkxO/Slack.app/Contents/Frameworks/Slack Helper (GPU).app,Identified Developer,,com.tinyspeck.slackmacgap.helper,444000065,"Developer ID Application: SLACK TECHNOLOGIES L.L.C. (BQR82RBBHL), Developer ID Certification Authority, Apple Root CA",4.44.65
Robert Garrett,Slack Helper (GPU),,,Robert‚Äôs MacBook Pro,Mac,/Users/rg/Library/Caches/com.tinyspeck.slackmacgap.ShipIt/update.xOcvF50/Slack.app/Contents/Frameworks/Slack Helper (GPU).app,Identified Developer,,com.tinyspeck.slackmacgap.helper,444000065,"Developer ID Application: SLACK TECHNOLOGIES L.L.C. (BQR82RBBHL), Developer ID Certification Authority, Apple Root CA",4.44.65
Robert Garrett,Slack Helper (GPU),,,Robert‚Äôs MacBook Pro,Mac,/Users/rg/Library/Caches/com.tinyspeck.slackmacgap.ShipIt/update.yB2rIlL/Slack.app/Contents/Frameworks/Slack Helper (GPU).app,Identified Developer,,com.tinyspeck.slackmacgap.helper,444000065,"Developer ID Application: SLACK TECHNOLOGIES L.L.C. (BQR82RBBHL), Developer ID Certification Authority, Apple Root CA",4.44.65
Robert Garrett,Slack Helper (GPU),,,Robert‚Äôs MacBook Pro,Mac,/Users/rg/Library/Caches/com.tinyspeck.slackmacgap.ShipIt/update.yi69MyA/Slack.app/Contents/Frameworks/Slack Helper (GPU).app,Identified Developer,,com.tinyspeck.slackmacgap.helper,444000065,"Developer ID Application: SLACK TECHNOLOGIES L.L.C. (BQR82RBBHL), Developer ID Certification Authority, Apple Root CA",4.44.65
Robert Garrett,Slack Helper (GPU),,,Robert‚Äôs MacBook Pro,Mac,/Users/rg/Library/Caches/com.tinyspeck.slackmacgap.ShipIt/update.YLwKgVY/Slack.app/Contents/Frameworks/Slack Helper (GPU).app,Identified Developer,,com.tinyspeck.slackmacgap.helper,444000065,"Developer ID Application: SLACK TECHNOLOGIES L.L.C. (BQR82RBBHL), Developer ID Certification Authority, Apple Root CA",4.44.65
Robert Garrett,Slack Helper (GPU),,,Robert‚Äôs MacBook Pro,Mac,/Users/rg/Library/Caches/com.tinyspeck.slackmacgap.ShipIt/update.YXTiVJf/Slack.app/Contents/Frameworks/Slack Helper (GPU).app,Identified Developer,,com.tinyspeck.slackmacgap.helper,444000065,"Developer ID Application: SLACK TECHNOLOGIES L.L.C. (BQR82RBBHL), Developer ID Certification Authority, Apple Root CA",4.44.65
Robert Garrett,Slack Helper (GPU),,,Robert‚Äôs MacBook Pro,Mac,/Users/rg/Library/Caches/com.tinyspeck.slackmacgap.ShipIt/update.ZbdlrI9/Slack.app/Contents/Frameworks/Slack Helper (GPU).app,Identified Developer,,com.tinyspeck.slackmacgap.helper,444000065,"Developer ID Application: SLACK TECHNOLOGIES L.L.C. (BQR82RBBHL), Developer ID Certification Authority, Apple Root CA",4.44.65
Robert Garrett,Slack Helper (GPU),,,Robert‚Äôs MacBook Pro,Mac,/Users/rg/Library/Caches/com.tinyspeck.slackmacgap.ShipIt/update.zESGRSi/Slack.app/Contents/Frameworks/Slack Helper (GPU).app,Identified Developer,,com.tinyspeck.slackmacgap.helper,444000065,"Developer ID Application: SLACK TECHNOLOGIES L.L.C. (BQR82RBBHL), Developer ID Certification Authority, Apple Root CA",4.44.65
Robert Garrett,Slack Helper (GPU),,,Robert‚Äôs MacBook Pro,Mac,/Users/rg/Library/Caches/com.tinyspeck.slackmacgap.ShipIt/update.zsZosTR/Slack.app/Contents/Frameworks/Slack Helper (GPU).app,Identified Developer,,com.tinyspeck.slackmacgap.helper,444000065,"Developer ID Application: SLACK TECHNOLOGIES L.L.C. (BQR82RBBHL), Developer ID Certification Authority, Apple Root CA",4.44.65
Robert Garrett,Slack Helper (GPU),,,Robert‚Äôs MacBook Pro,Mac,/Users/rg/Library/Caches/com.tinyspeck.slackmacgap.ShipIt/update.ZxsEWQP/Slack.app/Contents/Frameworks/Slack Helper (GPU).app,Identified Developer,,com.tinyspeck.slackmacgap.helper,444000065,"Developer ID Application: SLACK TECHNOLOGIES L.L.C. (BQR82RBBHL), Developer ID Certification Authority, Apple Root CA",4.44.65
Robert Garrett,Slack Helper (Plugin),,,Robert‚Äôs MacBook Pro,Mac,/Applications/Slack.app/Contents/Frameworks/Slack Helper (Plugin).app,Identified Developer,,com.tinyspeck.slackmacgap.helper,444000065,"Developer ID Application: SLACK TECHNOLOGIES L.L.C. (BQR82RBBHL), Developer ID Certification Authority, Apple Root CA",4.44.65
Robert Garrett,Slack Helper (Plugin),,,Robert‚Äôs MacBook Pro,Mac,/Users/rg/Library/Caches/com.tinyspeck.slackmacgap.ShipIt/update.0uhkOM7/Slack.app/Contents/Frameworks/Slack Helper (Plugin).app,Identified Developer,,com.tinyspeck.slackmacgap.helper,444000065,"Developer ID Application: SLACK TECHNOLOGIES L.L.C. (BQR82RBBHL), Developer ID Certification Authority, Apple Root CA",4.44.65
Robert Garrett,Slack Helper (Plugin),,,Robert‚Äôs MacBook Pro,Mac,/Users/rg/Library/Caches/com.tinyspeck.slackmacgap.ShipIt/update.1513R4K/Slack.app/Contents/Frameworks/Slack Helper (Plugin).app,Identified Developer,,com.tinyspeck.slackmacgap.helper,444000065,"Developer ID Application: SLACK TECHNOLOGIES L.L.C. (BQR82RBBHL), Developer ID Certification Authority, Apple Root CA",4.44.65
Robert Garrett,Slack Helper (Plugin),,,Robert‚Äôs MacBook Pro,Mac,/Users/rg/Library/Caches/com.tinyspeck.slackmacgap.ShipIt/update.1iUkWot/Slack.app/Contents/Frameworks/Slack Helper (Plugin).app,Identified Developer,,com.tinyspeck.slackmacgap.helper,444000065,"Developer ID Application: SLACK TECHNOLOGIES L.L.C. (BQR82RBBHL), Developer ID Certification Authority, Apple Root CA",4.44.65
Robert Garrett,Slack Helper (Plugin),,,Robert‚Äôs MacBook Pro,Mac,/Users/rg/Library/Caches/com.tinyspeck.slackmacgap.ShipIt/update.1wdiibC/Slack.app/Contents/Frameworks/Slack Helper (Plugin).app,Identified Developer,,com.tinyspeck.slackmacgap.helper,444000065,"Developer ID Application: SLACK TECHNOLOGIES L.L.C. (BQR82RBBHL), Developer ID Certification Authority, Apple Root CA",4.44.65
Robert Garrett,Slack Helper (Plugin),,,Robert‚Äôs MacBook Pro,Mac,/Users/rg/Library/Caches/com.tinyspeck.slackmacgap.ShipIt/update.1wHcZPI/Slack.app/Contents/Frameworks/Slack Helper (Plugin).app,Identified Developer,,com.tinyspeck.slackmacgap.helper,444000065,"Developer ID Application: SLACK TECHNOLOGIES L.L.C. (BQR82RBBHL), Developer ID Certification Authority, Apple Root CA",4.44.65
Robert Garrett,Slack Helper (Plugin),,,Robert‚Äôs MacBook Pro,Mac,/Users/rg/Library/Caches/com.tinyspeck.slackmacgap.ShipIt/update.2vcPKnE/Slack.app/Contents/Frameworks/Slack Helper (Plugin).app,Identified Developer,,com.tinyspeck.slackmacgap.helper,444000065,"Developer ID Application: SLACK TECHNOLOGIES L.L.C. (BQR82RBBHL), Developer ID Certification Authority, Apple Root CA",4.44.65
Robert Garrett,Slack Helper (Plugin),,,Robert‚Äôs MacBook Pro,Mac,/Users/rg/Library/Caches/com.tinyspeck.slackmacgap.ShipIt/update.3HZXR0i/Slack.app/Contents/Frameworks/Slack Helper (Plugin).app,Identified Developer,,com.tinyspeck.slackmacgap.helper,444000065,"Developer ID Application: SLACK TECHNOLOGIES L.L.C. (BQR82RBBHL), Developer ID Certification Authority, Apple Root CA",4.44.65
Robert Garrett,Slack Helper (Plugin),,,Robert‚Äôs MacBook Pro,Mac,/Users/rg/Library/Caches/com.tinyspeck.slackmacgap.ShipIt/update.3iuAxbm/Slack.app/Contents/Frameworks/Slack Helper (Plugin).app,Identified Developer,,com.tinyspeck.slackmacgap.helper,444000065,"Developer ID Application: SLACK TECHNOLOGIES L.L.C. (BQR82RBBHL), Developer ID Certification Authority, Apple Root CA",4.44.65
Robert Garrett,Slack Helper (Plugin),,,Robert‚Äôs MacBook Pro,Mac,/Users/rg/Library/Caches/com.tinyspeck.slackmacgap.ShipIt/update.4m2qVxx/Slack.app/Contents/Frameworks/Slack Helper (Plugin).app,Identified Developer,,com.tinyspeck.slackmacgap.helper,444000065,"Developer ID Application: SLACK TECHNOLOGIES L.L.C. (BQR82RBBHL), Developer ID Certification Authority, Apple Root CA",4.44.65
Robert Garrett,Slack Helper (Plugin),,,Robert‚Äôs MacBook Pro,Mac,/Users/rg/Library/Caches/com.tinyspeck.slackmacgap.ShipIt/update.4SW2USu/Slack.app/Contents/Frameworks/Slack Helper (Plugin).app,Identified Developer,,com.tinyspeck.slackmacgap.helper,444000065,"Developer ID Application: SLACK TECHNOLOGIES L.L.C. (BQR82RBBHL), Developer ID Certification Authority, Apple Root CA",4.44.65
Robert Garrett,Slack Helper (Plugin),,,Robert‚Äôs MacBook Pro,Mac,/Users/rg/Library/Caches/com.tinyspeck.slackmacgap.ShipIt/update.5bcD0mF/Slack.app/Contents/Frameworks/Slack Helper (Plugin).app,Identified Developer,,com.tinyspeck.slackmacgap.helper,444000065,"Developer ID Application: SLACK TECHNOLOGIES L.L.C. (BQR82RBBHL), Developer ID Certification Authority, Apple Root CA",4.44.65
Robert Garrett,Slack Helper (Plugin),,,Robert‚Äôs MacBook Pro,Mac,/Users/rg/Library/Caches/com.tinyspeck.slackmacgap.ShipIt/update.5eMHkBp/Slack.app/Contents/Frameworks/Slack Helper (Plugin).app,Identified Developer,,com.tinyspeck.slackmacgap.helper,444000065,"Developer ID Application: SLACK TECHNOLOGIES L.L.C. (BQR82RBBHL), Developer ID Certification Authority, Apple Root CA",4.44.65
Robert Garrett,Slack Helper (Plugin),,,Robert‚Äôs MacBook Pro,Mac,/Users/rg/Library/Caches/com.tinyspeck.slackmacgap.ShipIt/update.5VubLAC/Slack.app/Contents/Frameworks/Slack Helper (Plugin).app,Identified Developer,,com.tinyspeck.slackmacgap.helper,444000065,"Developer ID Application: SLACK TECHNOLOGIES L.L.C. (BQR82RBBHL), Developer ID Certification Authority, Apple Root CA",4.44.65
Robert Garrett,Slack Helper (Plugin),,,Robert‚Äôs MacBook Pro,Mac,/Users/rg/Library/Caches/com.tinyspeck.slackmacgap.ShipIt/update.60cGrcn/Slack.app/Contents/Frameworks/Slack Helper (Plugin).app,Identified Developer,,com.tinyspeck.slackmacgap.helper,444000065,"Developer ID Application: SLACK TECHNOLOGIES L.L.C. (BQR82RBBHL), Developer ID Certification Authority, Apple Root CA",4.44.65
Robert Garrett,Slack Helper (Plugin),,,Robert‚Äôs MacBook Pro,Mac,/Users/rg/Library/Caches/com.tinyspeck.slackmacgap.ShipIt/update.77viFcg/Slack.app/Contents/Frameworks/Slack Helper (Plugin).app,Identified Developer,,com.tinyspeck.slackmacgap.helper,444000065,"Developer ID Application: SLACK TECHNOLOGIES L.L.C. (BQR82RBBHL), Developer ID Certification Authority, Apple Root CA",4.44.65
Robert Garrett,Slack Helper (Plugin),,,Robert‚Äôs MacBook Pro,Mac,/Users/rg/Library/Caches/com.tinyspeck.slackmacgap.ShipIt/update.7gD7A8z/Slack.app/Contents/Frameworks/Slack Helper (Plugin).app,Identified Developer,,com.tinyspeck.slackmacgap.helper,444000065,"Developer ID Application: SLACK TECHNOLOGIES L.L.C. (BQR82RBBHL), Developer ID Certification Authority, Apple Root CA",4.44.65
Robert Garrett,Slack Helper (Plugin),,,Robert‚Äôs MacBook Pro,Mac,/Users/rg/Library/Caches/com.tinyspeck.slackmacgap.ShipIt/update.7NQAh1n/Slack.app/Contents/Frameworks/Slack Helper (Plugin).app,Identified Developer,,com.tinyspeck.slackmacgap.helper,444000065,"Developer ID Application: SLACK TECHNOLOGIES L.L.C. (BQR82RBBHL), Developer ID Certification Authority, Apple Root CA",4.44.65
Robert Garrett,Slack Helper (Plugin),,,Robert‚Äôs MacBook Pro,Mac,/Users/rg/Library/Caches/com.tinyspeck.slackmacgap.ShipIt/update.7qKDW4B/Slack.app/Contents/Frameworks/Slack Helper (Plugin).app,Identified Developer,,com.tinyspeck.slackmacgap.helper,444000065,"Developer ID Application: SLACK TECHNOLOGIES L.L.C. (BQR82RBBHL), Developer ID Certification Authority, Apple Root CA",4.44.65
Robert Garrett,Slack Helper (Plugin),,,Robert‚Äôs MacBook Pro,Mac,/Users/rg/Library/Caches/com.tinyspeck.slackmacgap.ShipIt/update.8P0THAu/Slack.app/Contents/Frameworks/Slack Helper (Plugin).app,Identified Developer,,com.tinyspeck.slackmacgap.helper,444000065,"Developer ID Application: SLACK TECHNOLOGIES L.L.C. (BQR82RBBHL), Developer ID Certification Authority, Apple Root CA",4.44.65
Robert Garrett,Slack Helper (Plugin),,,Robert‚Äôs MacBook Pro,Mac,/Users/rg/Library/Caches/com.tinyspeck.slackmacgap.ShipIt/update.8RTVjO4/Slack.app/Contents/Frameworks/Slack Helper (Plugin).app,Identified Developer,,com.tinyspeck.slackmacgap.helper,444000065,"Developer ID Application: SLACK TECHNOLOGIES L.L.C. (BQR82RBBHL), Developer ID Certification Authority, Apple Root CA",4.44.65
Robert Garrett,Slack Helper (Plugin),,,Robert‚Äôs MacBook Pro,Mac,/Users/rg/Library/Caches/com.tinyspeck.slackmacgap.ShipIt/update.99Shh7U/Slack.app/Contents/Frameworks/Slack Helper (Plugin).app,Identified Developer,,com.tinyspeck.slackmacgap.helper,444000065,"Developer ID Application: SLACK TECHNOLOGIES L.L.C. (BQR82RBBHL), Developer ID Certification Authority, Apple Root CA",4.44.65
Robert Garrett,Slack Helper (Plugin),,,Robert‚Äôs MacBook Pro,Mac,/Users/rg/Library/Caches/com.tinyspeck.slackmacgap.ShipIt/update.9tqOj5S/Slack.app/Contents/Frameworks/Slack Helper (Plugin).app,Identified Developer,,com.tinyspeck.slackmacgap.helper,444000065,"Developer ID Application: SLACK TECHNOLOGIES L.L.C. (BQR82RBBHL), Developer ID Certification Authority, Apple Root CA",4.44.65
Robert Garrett,Slack Helper (Plugin),,,Robert‚Äôs MacBook Pro,Mac,/Users/rg/Library/Caches/com.tinyspeck.slackmacgap.ShipIt/update.ap3ti8r/Slack.app/Contents/Frameworks/Slack Helper (Plugin).app,Identified Developer,,com.tinyspeck.slackmacgap.helper,444000065,"Developer ID Application: SLACK TECHNOLOGIES L.L.C. (BQR82RBBHL), Developer ID Certification Authority, Apple Root CA",4.44.65
Robert Garrett,Slack Helper (Plugin),,,Robert‚Äôs MacBook Pro,Mac,/Users/rg/Library/Caches/com.tinyspeck.slackmacgap.ShipIt/update.b8f4Jzu/Slack.app/Contents/Frameworks/Slack Helper (Plugin).app,Identified Developer,,com.tinyspeck.slackmacgap.helper,444000065,"Developer ID Application: SLACK TECHNOLOGIES L.L.C. (BQR82RBBHL), Developer ID Certification Authority, Apple Root CA",4.44.65
Robert Garrett,Slack Helper (Plugin),,,Robert‚Äôs MacBook Pro,Mac,/Users/rg/Library/Caches/com.tinyspeck.slackmacgap.ShipIt/update.cEnwrBM/Slack.app/Contents/Frameworks/Slack Helper (Plugin).app,Identified Developer,,com.tinyspeck.slackmacgap.helper,444000065,"Developer ID Application: SLACK TECHNOLOGIES L.L.C. (BQR82RBBHL), Developer ID Certification Authority, Apple Root CA",4.44.65
Robert Garrett,Slack Helper (Plugin),,,Robert‚Äôs MacBook Pro,Mac,/Users/rg/Library/Caches/com.tinyspeck.slackmacgap.ShipIt/update.cqhvWtw/Slack.app/Contents/Frameworks/Slack Helper (Plugin).app,Identified Developer,,com.tinyspeck.slackmacgap.helper,444000065,"Developer ID Application: SLACK TECHNOLOGIES L.L.C. (BQR82RBBHL), Developer ID Certification Authority, Apple Root CA",4.44.65
Robert Garrett,Slack Helper (Plugin),,,Robert‚Äôs MacBook Pro,Mac,/Users/rg/Library/Caches/com.tinyspeck.slackmacgap.ShipIt/update.DAEpTfr/Slack.app/Contents/Frameworks/Slack Helper (Plugin).app,Identified Developer,,com.tinyspeck.slackmacgap.helper,444000065,"Developer ID Application: SLACK TECHNOLOGIES L.L.C. (BQR82RBBHL), Developer ID Certification Authority, Apple Root CA",4.44.65
Robert Garrett,Slack Helper (Plugin),,,Robert‚Äôs MacBook Pro,Mac,/Users/rg/Library/Caches/com.tinyspeck.slackmacgap.ShipIt/update.DHWCzJp/Slack.app/Contents/Frameworks/Slack Helper (Plugin).app,Identified Developer,,com.tinyspeck.slackmacgap.helper,444000065,"Developer ID Application: SLACK TECHNOLOGIES L.L.C. (BQR82RBBHL), Developer ID Certification Authority, Apple Root CA",4.44.65
Robert Garrett,Slack Helper (Plugin),,,Robert‚Äôs MacBook Pro,Mac,/Users/rg/Library/Caches/com.tinyspeck.slackmacgap.ShipIt/update.dSLpQUP/Slack.app/Contents/Frameworks/Slack Helper (Plugin).app,Identified Developer,,com.tinyspeck.slackmacgap.helper,444000065,"Developer ID Application: SLACK TECHNOLOGIES L.L.C. (BQR82RBBHL), Developer ID Certification Authority, Apple Root CA",4.44.65
Robert Garrett,Slack Helper (Plugin),,,Robert‚Äôs MacBook Pro,Mac,/Users/rg/Library/Caches/com.tinyspeck.slackmacgap.ShipIt/update.EivlUt0/Slack.app/Contents/Frameworks/Slack Helper (Plugin).app,Identified Developer,,com.tinyspeck.slackmacgap.helper,444000065,"Developer ID Application: SLACK TECHNOLOGIES L.L.C. (BQR82RBBHL), Developer ID Certification Authority, Apple Root CA",4.44.65
Robert Garrett,Slack Helper (Plugin),,,Robert‚Äôs MacBook Pro,Mac,/Users/rg/Library/Caches/com.tinyspeck.slackmacgap.ShipIt/update.ELWrhT3/Slack.app/Contents/Frameworks/Slack Helper (Plugin).app,Identified Developer,,com.tinyspeck.slackmacgap.helper,444000065,"Developer ID Application: SLACK TECHNOLOGIES L.L.C. (BQR82RBBHL), Developer ID Certification Authority, Apple Root CA",4.44.65
Robert Garrett,Slack Helper (Plugin),,,Robert‚Äôs MacBook Pro,Mac,/Users/rg/Library/Caches/com.tinyspeck.slackmacgap.ShipIt/update.eqItqs2/Slack.app/Contents/Frameworks/Slack Helper (Plugin).app,Identified Developer,,com.tinyspeck.slackmacgap.helper,444000065,"Developer ID Application: SLACK TECHNOLOGIES L.L.C. (BQR82RBBHL), Developer ID Certification Authority, Apple Root CA",4.44.65
Robert Garrett,Slack Helper (Plugin),,,Robert‚Äôs MacBook Pro,Mac,/Users/rg/Library/Caches/com.tinyspeck.slackmacgap.ShipIt/update.F1EvgVo/Slack.app/Contents/Frameworks/Slack Helper (Plugin).app,Identified Developer,,com.tinyspeck.slackmacgap.helper,444000065,"Developer ID Application: SLACK TECHNOLOGIES L.L.C. (BQR82RBBHL), Developer ID Certification Authority, Apple Root CA",4.44.65
Robert Garrett,Slack Helper (Plugin),,,Robert‚Äôs MacBook Pro,Mac,/Users/rg/Library/Caches/com.tinyspeck.slackmacgap.ShipIt/update.f3Vqyge/Slack.app/Contents/Frameworks/Slack Helper (Plugin).app,Identified Developer,,com.tinyspeck.slackmacgap.helper,444000065,"Developer ID Application: SLACK TECHNOLOGIES L.L.C. (BQR82RBBHL), Developer ID Certification Authority, Apple Root CA",4.44.65
Robert Garrett,Slack Helper (Plugin),,,Robert‚Äôs MacBook Pro,Mac,/Users/rg/Library/Caches/com.tinyspeck.slackmacgap.ShipIt/update.fhfeyzr/Slack.app/Contents/Frameworks/Slack Helper (Plugin).app,Identified Developer,,com.tinyspeck.slackmacgap.helper,444000065,"Developer ID Application: SLACK TECHNOLOGIES L.L.C. (BQR82RBBHL), Developer ID Certification Authority, Apple Root CA",4.44.65
Robert Garrett,Slack Helper (Plugin),,,Robert‚Äôs MacBook Pro,Mac,/Users/rg/Library/Caches/com.tinyspeck.slackmacgap.ShipIt/update.fi6RVmw/Slack.app/Contents/Frameworks/Slack Helper (Plugin).app,Identified Developer,,com.tinyspeck.slackmacgap.helper,444000065,"Developer ID Application: SLACK TECHNOLOGIES L.L.C. (BQR82RBBHL), Developer ID Certification Authority, Apple Root CA",4.44.65
Robert Garrett,Slack Helper (Plugin),,,Robert‚Äôs MacBook Pro,Mac,/Users/rg/Library/Caches/com.tinyspeck.slackmacgap.ShipIt/update.FiCetou/Slack.app/Contents/Frameworks/Slack Helper (Plugin).app,Identified Developer,,com.tinyspeck.slackmacgap.helper,444000065,"Developer ID Application: SLACK TECHNOLOGIES L.L.C. (BQR82RBBHL), Developer ID Certification Authority, Apple Root CA",4.44.65
Robert Garrett,Slack Helper (Plugin),,,Robert‚Äôs MacBook Pro,Mac,/Users/rg/Library/Caches/com.tinyspeck.slackmacgap.ShipIt/update.fkYpPFg/Slack.app/Contents/Frameworks/Slack Helper (Plugin).app,Identified Developer,,com.tinyspeck.slackmacgap.helper,444000065,"Developer ID Application: SLACK TECHNOLOGIES L.L.C. (BQR82RBBHL), Developer ID Certification Authority, Apple Root CA",4.44.65
Robert Garrett,Slack Helper (Plugin),,,Robert‚Äôs MacBook Pro,Mac,/Users/rg/Library/Caches/com.tinyspeck.slackmacgap.ShipIt/update.FW6opSl/Slack.app/Contents/Frameworks/Slack Helper (Plugin).app,Identified Developer,,com.tinyspeck.slackmacgap.helper,444000065,"Developer ID Application: SLACK TECHNOLOGIES L.L.C. (BQR82RBBHL), Developer ID Certification Authority, Apple Root CA",4.44.65
Robert Garrett,Slack Helper (Plugin),,,Robert‚Äôs MacBook Pro,Mac,/Users/rg/Library/Caches/com.tinyspeck.slackmacgap.ShipIt/update.G5T1xzs/Slack.app/Contents/Frameworks/Slack Helper (Plugin).app,Identified Developer,,com.tinyspeck.slackmacgap.helper,444000065,"Developer ID Application: SLACK TECHNOLOGIES L.L.C. (BQR82RBBHL), Developer ID Certification Authority, Apple Root CA",4.44.65
Robert Garrett,Slack Helper (Plugin),,,Robert‚Äôs MacBook Pro,Mac,/Users/rg/Library/Caches/com.tinyspeck.slackmacgap.ShipIt/update.gDPyZXv/Slack.app/Contents/Frameworks/Slack Helper (Plugin).app,Identified Developer,,com.tinyspeck.slackmacgap.helper,444000065,"Developer ID Application: SLACK TECHNOLOGIES L.L.C. (BQR82RBBHL), Developer ID Certification Authority, Apple Root CA",4.44.65
Robert Garrett,Slack Helper (Plugin),,,Robert‚Äôs MacBook Pro,Mac,/Users/rg/Library/Caches/com.tinyspeck.slackmacgap.ShipIt/update.gGfVjcg/Slack.app/Contents/Frameworks/Slack Helper (Plugin).app,Identified Developer,,com.tinyspeck.slackmacgap.helper,444000065,"Developer ID Application: SLACK TECHNOLOGIES L.L.C. (BQR82RBBHL), Developer ID Certification Authority, Apple Root CA",4.44.65
Robert Garrett,Slack Helper (Plugin),,,Robert‚Äôs MacBook Pro,Mac,/Users/rg/Library/Caches/com.tinyspeck.slackmacgap.ShipIt/update.GjP0Axt/Slack.app/Contents/Frameworks/Slack Helper (Plugin).app,Identified Developer,,com.tinyspeck.slackmacgap.helper,444000065,"Developer ID Application: SLACK TECHNOLOGIES L.L.C. (BQR82RBBHL), Developer ID Certification Authority, Apple Root CA",4.44.65
Robert Garrett,Slack Helper (Plugin),,,Robert‚Äôs MacBook Pro,Mac,/Users/rg/Library/Caches/com.tinyspeck.slackmacgap.ShipIt/update.hk5QmuQ/Slack.app/Contents/Frameworks/Slack Helper (Plugin).app,Identified Developer,,com.tinyspeck.slackmacgap.helper,444000065,"Developer ID Application: SLACK TECHNOLOGIES L.L.C. (BQR82RBBHL), Developer ID Certification Authority, Apple Root CA",4.44.65
Robert Garrett,Slack Helper (Plugin),,,Robert‚Äôs MacBook Pro,Mac,/Users/rg/Library/Caches/com.tinyspeck.slackmacgap.ShipIt/update.hLw4Ir7/Slack.app/Contents/Frameworks/Slack Helper (Plugin).app,Identified Developer,,com.tinyspeck.slackmacgap.helper,444000065,"Developer ID Application: SLACK TECHNOLOGIES L.L.C. (BQR82RBBHL), Developer ID Certification Authority, Apple Root CA",4.44.65
Robert Garrett,Slack Helper (Plugin),,,Robert‚Äôs MacBook Pro,Mac,/Users/rg/Library/Caches/com.tinyspeck.slackmacgap.ShipIt/update.hOLLKUF/Slack.app/Contents/Frameworks/Slack Helper (Plugin).app,Identified Developer,,com.tinyspeck.slackmacgap.helper,444000065,"Developer ID Application: SLACK TECHNOLOGIES L.L.C. (BQR82RBBHL), Developer ID Certification Authority, Apple Root CA",4.44.65
Robert Garrett,Slack Helper (Plugin),,,Robert‚Äôs MacBook Pro,Mac,/Users/rg/Library/Caches/com.tinyspeck.slackmacgap.ShipIt/update.hsKvbds/Slack.app/Contents/Frameworks/Slack Helper (Plugin).app,Identified Developer,,com.tinyspeck.slackmacgap.helper,444000065,"Developer ID Application: SLACK TECHNOLOGIES L.L.C. (BQR82RBBHL), Developer ID Certification Authority, Apple Root CA",4.44.65
Robert Garrett,Slack Helper (Plugin),,,Robert‚Äôs MacBook Pro,Mac,/Users/rg/Library/Caches/com.tinyspeck.slackmacgap.ShipIt/update.hx3iMj5/Slack.app/Contents/Frameworks/Slack Helper (Plugin).app,Identified Developer,,com.tinyspeck.slackmacgap.helper,444000065,"Developer ID Application: SLACK TECHNOLOGIES L.L.C. (BQR82RBBHL), Developer ID Certification Authority, Apple Root CA",4.44.65
Robert Garrett,Slack Helper (Plugin),,,Robert‚Äôs MacBook Pro,Mac,/Users/rg/Library/Caches/com.tinyspeck.slackmacgap.ShipIt/update.I3zYqhg/Slack.app/Contents/Frameworks/Slack Helper (Plugin).app,Identified Developer,,com.tinyspeck.slackmacgap.helper,444000065,"Developer ID Application: SLACK TECHNOLOGIES L.L.C. (BQR82RBBHL), Developer ID Certification Authority, Apple Root CA",4.44.65
Robert Garrett,Slack Helper (Plugin),,,Robert‚Äôs MacBook Pro,Mac,/Users/rg/Library/Caches/com.tinyspeck.slackmacgap.ShipIt/update.IMtv6yl/Slack.app/Contents/Frameworks/Slack Helper (Plugin).app,Identified Developer,,com.tinyspeck.slackmacgap.helper,444000065,"Developer ID Application: SLACK TECHNOLOGIES L.L.C. (BQR82RBBHL), Developer ID Certification Authority, Apple Root CA",4.44.65
Robert Garrett,Slack Helper (Plugin),,,Robert‚Äôs MacBook Pro,Mac,/Users/rg/Library/Caches/com.tinyspeck.slackmacgap.ShipIt/update.IxJassT/Slack.app/Contents/Frameworks/Slack Helper (Plugin).app,Identified Developer,,com.tinyspeck.slackmacgap.helper,444000065,"Developer ID Application: SLACK TECHNOLOGIES L.L.C. (BQR82RBBHL), Developer ID Certification Authority, Apple Root CA",4.44.65
Robert Garrett,Slack Helper (Plugin),,,Robert‚Äôs MacBook Pro,Mac,/Users/rg/Library/Caches/com.tinyspeck.slackmacgap.ShipIt/update.JXVP5Hd/Slack.app/Contents/Frameworks/Slack Helper (Plugin).app,Identified Developer,,com.tinyspeck.slackmacgap.helper,444000065,"Developer ID Application: SLACK TECHNOLOGIES L.L.C. (BQR82RBBHL), Developer ID Certification Authority, Apple Root CA",4.44.65
Robert Garrett,Slack Helper (Plugin),,,Robert‚Äôs MacBook Pro,Mac,/Users/rg/Library/Caches/com.tinyspeck.slackmacgap.ShipIt/update.lfEs8U2/Slack.app/Contents/Frameworks/Slack Helper (Plugin).app,Identified Developer,,com.tinyspeck.slackmacgap.helper,444000065,"Developer ID Application: SLACK TECHNOLOGIES L.L.C. (BQR82RBBHL), Developer ID Certification Authority, Apple Root CA",4.44.65
Robert Garrett,Slack Helper (Plugin),,,Robert‚Äôs MacBook Pro,Mac,/Users/rg/Library/Caches/com.tinyspeck.slackmacgap.ShipIt/update.ljYECPW/Slack.app/Contents/Frameworks/Slack Helper (Plugin).app,Identified Developer,,com.tinyspeck.slackmacgap.helper,444000065,"Developer ID Application: SLACK TECHNOLOGIES L.L.C. (BQR82RBBHL), Developer ID Certification Authority, Apple Root CA",4.44.65
Robert Garrett,Slack Helper (Plugin),,,Robert‚Äôs MacBook Pro,Mac,/Users/rg/Library/Caches/com.tinyspeck.slackmacgap.ShipIt/update.MfHNlDn/Slack.app/Contents/Frameworks/Slack Helper (Plugin).app,Identified Developer,,com.tinyspeck.slackmacgap.helper,444000065,"Developer ID Application: SLACK TECHNOLOGIES L.L.C. (BQR82RBBHL), Developer ID Certification Authority, Apple Root CA",4.44.65
Robert Garrett,Slack Helper (Plugin),,,Robert‚Äôs MacBook Pro,Mac,/Users/rg/Library/Caches/com.tinyspeck.slackmacgap.ShipIt/update.mj2hxzO/Slack.app/Contents/Frameworks/Slack Helper (Plugin).app,Identified Developer,,com.tinyspeck.slackmacgap.helper,444000065,"Developer ID Application: SLACK TECHNOLOGIES L.L.C. (BQR82RBBHL), Developer ID Certification Authority, Apple Root CA",4.44.65
Robert Garrett,Slack Helper (Plugin),,,Robert‚Äôs MacBook Pro,Mac,/Users/rg/Library/Caches/com.tinyspeck.slackmacgap.ShipIt/update.mMFGnqq/Slack.app/Contents/Frameworks/Slack Helper (Plugin).app,Identified Developer,,com.tinyspeck.slackmacgap.helper,444000065,"Developer ID Application: SLACK TECHNOLOGIES L.L.C. (BQR82RBBHL), Developer ID Certification Authority, Apple Root CA",4.44.65
Robert Garrett,Slack Helper (Plugin),,,Robert‚Äôs MacBook Pro,Mac,/Users/rg/Library/Caches/com.tinyspeck.slackmacgap.ShipIt/update.n2hmgDj/Slack.app/Contents/Frameworks/Slack Helper (Plugin).app,Identified Developer,,com.tinyspeck.slackmacgap.helper,444000065,"Developer ID Application: SLACK TECHNOLOGIES L.L.C. (BQR82RBBHL), Developer ID Certification Authority, Apple Root CA",4.44.65
Robert Garrett,Slack Helper (Plugin),,,Robert‚Äôs MacBook Pro,Mac,/Users/rg/Library/Caches/com.tinyspeck.slackmacgap.ShipIt/update.NMY4Cez/Slack.app/Contents/Frameworks/Slack Helper (Plugin).app,Identified Developer,,com.tinyspeck.slackmacgap.helper,444000065,"Developer ID Application: SLACK TECHNOLOGIES L.L.C. (BQR82RBBHL), Developer ID Certification Authority, Apple Root CA",4.44.65
Robert Garrett,Slack Helper (Plugin),,,Robert‚Äôs MacBook Pro,Mac,/Users/rg/Library/Caches/com.tinyspeck.slackmacgap.ShipIt/update.nO8bU4P/Slack.app/Contents/Frameworks/Slack Helper (Plugin).app,Identified Developer,,com.tinyspeck.slackmacgap.helper,444000065,"Developer ID Application: SLACK TECHNOLOGIES L.L.C. (BQR82RBBHL), Developer ID Certification Authority, Apple Root CA",4.44.65
Robert Garrett,Slack Helper (Plugin),,,Robert‚Äôs MacBook Pro,Mac,/Users/rg/Library/Caches/com.tinyspeck.slackmacgap.ShipIt/update.nP1JVQG/Slack.app/Contents/Frameworks/Slack Helper (Plugin).app,Identified Developer,,com.tinyspeck.slackmacgap.helper,444000065,"Developer ID Application: SLACK TECHNOLOGIES L.L.C. (BQR82RBBHL), Developer ID Certification Authority, Apple Root CA",4.44.65
Robert Garrett,Slack Helper (Plugin),,,Robert‚Äôs MacBook Pro,Mac,/Users/rg/Library/Caches/com.tinyspeck.slackmacgap.ShipIt/update.O79XVxf/Slack.app/Contents/Frameworks/Slack Helper (Plugin).app,Identified Developer,,com.tinyspeck.slackmacgap.helper,444000065,"Developer ID Application: SLACK TECHNOLOGIES L.L.C. (BQR82RBBHL), Developer ID Certification Authority, Apple Root CA",4.44.65
Robert Garrett,Slack Helper (Plugin),,,Robert‚Äôs MacBook Pro,Mac,/Users/rg/Library/Caches/com.tinyspeck.slackmacgap.ShipIt/update.oqs4oiI/Slack.app/Contents/Frameworks/Slack Helper (Plugin).app,Identified Developer,,com.tinyspeck.slackmacgap.helper,444000065,"Developer ID Application: SLACK TECHNOLOGIES L.L.C. (BQR82RBBHL), Developer ID Certification Authority, Apple Root CA",4.44.65
Robert Garrett,Slack Helper (Plugin),,,Robert‚Äôs MacBook Pro,Mac,/Users/rg/Library/Caches/com.tinyspeck.slackmacgap.ShipIt/update.OWIxUCH/Slack.app/Contents/Frameworks/Slack Helper (Plugin).app,Identified Developer,,com.tinyspeck.slackmacgap.helper,444000065,"Developer ID Application: SLACK TECHNOLOGIES L.L.C. (BQR82RBBHL), Developer ID Certification Authority, Apple Root CA",4.44.65
Robert Garrett,Slack Helper (Plugin),,,Robert‚Äôs MacBook Pro,Mac,/Users/rg/Library/Caches/com.tinyspeck.slackmacgap.ShipIt/update.p25SrtR/Slack.app/Contents/Frameworks/Slack Helper (Plugin).app,Identified Developer,,com.tinyspeck.slackmacgap.helper,444000065,"Developer ID Application: SLACK TECHNOLOGIES L.L.C. (BQR82RBBHL), Developer ID Certification Authority, Apple Root CA",4.44.65
Robert Garrett,Slack Helper (Plugin),,,Robert‚Äôs MacBook Pro,Mac,/Users/rg/Library/Caches/com.tinyspeck.slackmacgap.ShipIt/update.p7TzA9p/Slack.app/Contents/Frameworks/Slack Helper (Plugin).app,Identified Developer,,com.tinyspeck.slackmacgap.helper,444000065,"Developer ID Application: SLACK TECHNOLOGIES L.L.C. (BQR82RBBHL), Developer ID Certification Authority, Apple Root CA",4.44.65
Robert Garrett,Slack Helper (Plugin),,,Robert‚Äôs MacBook Pro,Mac,/Users/rg/Library/Caches/com.tinyspeck.slackmacgap.ShipIt/update.pFKzq0a/Slack.app/Contents/Frameworks/Slack Helper (Plugin).app,Identified Developer,,com.tinyspeck.slackmacgap.helper,444000065,"Developer ID Application: SLACK TECHNOLOGIES L.L.C. (BQR82RBBHL), Developer ID Certification Authority, Apple Root CA",4.44.65
Robert Garrett,Slack Helper (Plugin),,,Robert‚Äôs MacBook Pro,Mac,/Users/rg/Library/Caches/com.tinyspeck.slackmacgap.ShipIt/update.PkESxXk/Slack.app/Contents/Frameworks/Slack Helper (Plugin).app,Identified Developer,,com.tinyspeck.slackmacgap.helper,444000065,"Developer ID Application: SLACK TECHNOLOGIES L.L.C. (BQR82RBBHL), Developer ID Certification Authority, Apple Root CA",4.44.65
Robert Garrett,Slack Helper (Plugin),,,Robert‚Äôs MacBook Pro,Mac,/Users/rg/Library/Caches/com.tinyspeck.slackmacgap.ShipIt/update.Pl1sMty/Slack.app/Contents/Frameworks/Slack Helper (Plugin).app,Identified Developer,,com.tinyspeck.slackmacgap.helper,444000065,"Developer ID Application: SLACK TECHNOLOGIES L.L.C. (BQR82RBBHL), Developer ID Certification Authority, Apple Root CA",4.44.65
Robert Garrett,Slack Helper (Plugin),,,Robert‚Äôs MacBook Pro,Mac,/Users/rg/Library/Caches/com.tinyspeck.slackmacgap.ShipIt/update.r5GtW0d/Slack.app/Contents/Frameworks/Slack Helper (Plugin).app,Identified Developer,,com.tinyspeck.slackmacgap.helper,444000065,"Developer ID Application: SLACK TECHNOLOGIES L.L.C. (BQR82RBBHL), Developer ID Certification Authority, Apple Root CA",4.44.65
Robert Garrett,Slack Helper (Plugin),,,Robert‚Äôs MacBook Pro,Mac,/Users/rg/Library/Caches/com.tinyspeck.slackmacgap.ShipIt/update.RBLXgtt/Slack.app/Contents/Frameworks/Slack Helper (Plugin).app,Identified Developer,,com.tinyspeck.slackmacgap.helper,444000065,"Developer ID Application: SLACK TECHNOLOGIES L.L.C. (BQR82RBBHL), Developer ID Certification Authority, Apple Root CA",4.44.65
Robert Garrett,Slack Helper (Plugin),,,Robert‚Äôs MacBook Pro,Mac,/Users/rg/Library/Caches/com.tinyspeck.slackmacgap.ShipIt/update.Rl5Wjxg/Slack.app/Contents/Frameworks/Slack Helper (Plugin).app,Identified Developer,,com.tinyspeck.slackmacgap.helper,444000065,"Developer ID Application: SLACK TECHNOLOGIES L.L.C. (BQR82RBBHL), Developer ID Certification Authority, Apple Root CA",4.44.65
Robert Garrett,Slack Helper (Plugin),,,Robert‚Äôs MacBook Pro,Mac,/Users/rg/Library/Caches/com.tinyspeck.slackmacgap.ShipIt/update.s6qVXWX/Slack.app/Contents/Frameworks/Slack Helper (Plugin).app,Identified Developer,,com.tinyspeck.slackmacgap.helper,444000065,"Developer ID Application: SLACK TECHNOLOGIES L.L.C. (BQR82RBBHL), Developer ID Certification Authority, Apple Root CA",4.44.65
Robert Garrett,Slack Helper (Plugin),,,Robert‚Äôs MacBook Pro,Mac,/Users/rg/Library/Caches/com.tinyspeck.slackmacgap.ShipIt/update.sbPpVbf/Slack.app/Contents/Frameworks/Slack Helper (Plugin).app,Identified Developer,,com.tinyspeck.slackmacgap.helper,444000065,"Developer ID Application: SLACK TECHNOLOGIES L.L.C. (BQR82RBBHL), Developer ID Certification Authority, Apple Root CA",4.44.65
Robert Garrett,Slack Helper (Plugin),,,Robert‚Äôs MacBook Pro,Mac,/Users/rg/Library/Caches/com.tinyspeck.slackmacgap.ShipIt/update.sbSyjQt/Slack.app/Contents/Frameworks/Slack Helper (Plugin).app,Identified Developer,,com.tinyspeck.slackmacgap.helper,444000065,"Developer ID Application: SLACK TECHNOLOGIES L.L.C. (BQR82RBBHL), Developer ID Certification Authority, Apple Root CA",4.44.65
Robert Garrett,Slack Helper (Plugin),,,Robert‚Äôs MacBook Pro,Mac,/Users/rg/Library/Caches/com.tinyspeck.slackmacgap.ShipIt/update.sxyZn9U/Slack.app/Contents/Frameworks/Slack Helper (Plugin).app,Identified Developer,,com.tinyspeck.slackmacgap.helper,444000065,"Developer ID Application: SLACK TECHNOLOGIES L.L.C. (BQR82RBBHL), Developer ID Certification Authority, Apple Root CA",4.44.65
Robert Garrett,Slack Helper (Plugin),,,Robert‚Äôs MacBook Pro,Mac,/Users/rg/Library/Caches/com.tinyspeck.slackmacgap.ShipIt/update.sYSUPVf/Slack.app/Contents/Frameworks/Slack Helper (Plugin).app,Identified Developer,,com.tinyspeck.slackmacgap.helper,444000065,"Developer ID Application: SLACK TECHNOLOGIES L.L.C. (BQR82RBBHL), Developer ID Certification Authority, Apple Root CA",4.44.65
Robert Garrett,Slack Helper (Plugin),,,Robert‚Äôs MacBook Pro,Mac,/Users/rg/Library/Caches/com.tinyspeck.slackmacgap.ShipIt/update.T3lWuOV/Slack.app/Contents/Frameworks/Slack Helper (Plugin).app,Identified Developer,,com.tinyspeck.slackmacgap.helper,444000065,"Developer ID Application: SLACK TECHNOLOGIES L.L.C. (BQR82RBBHL), Developer ID Certification Authority, Apple Root CA",4.44.65
Robert Garrett,Slack Helper (Plugin),,,Robert‚Äôs MacBook Pro,Mac,/Users/rg/Library/Caches/com.tinyspeck.slackmacgap.ShipIt/update.U7E5nYp/Slack.app/Contents/Frameworks/Slack Helper (Plugin).app,Identified Developer,,com.tinyspeck.slackmacgap.helper,444000065,"Developer ID Application: SLACK TECHNOLOGIES L.L.C. (BQR82RBBHL), Developer ID Certification Authority, Apple Root CA",4.44.65
Robert Garrett,Slack Helper (Plugin),,,Robert‚Äôs MacBook Pro,Mac,/Users/rg/Library/Caches/com.tinyspeck.slackmacgap.ShipIt/update.uDprMdj/Slack.app/Contents/Frameworks/Slack Helper (Plugin).app,Identified Developer,,com.tinyspeck.slackmacgap.helper,444000065,"Developer ID Application: SLACK TECHNOLOGIES L.L.C. (BQR82RBBHL), Developer ID Certification Authority, Apple Root CA",4.44.65
Robert Garrett,Slack Helper (Plugin),,,Robert‚Äôs MacBook Pro,Mac,/Users/rg/Library/Caches/com.tinyspeck.slackmacgap.ShipIt/update.UTWVDZu/Slack.app/Contents/Frameworks/Slack Helper (Plugin).app,Identified Developer,,com.tinyspeck.slackmacgap.helper,444000065,"Developer ID Application: SLACK TECHNOLOGIES L.L.C. (BQR82RBBHL), Developer ID Certification Authority, Apple Root CA",4.44.65
Robert Garrett,Slack Helper (Plugin),,,Robert‚Äôs MacBook Pro,Mac,/Users/rg/Library/Caches/com.tinyspeck.slackmacgap.ShipIt/update.v3R6F4l/Slack.app/Contents/Frameworks/Slack Helper (Plugin).app,Identified Developer,,com.tinyspeck.slackmacgap.helper,444000065,"Developer ID Application: SLACK TECHNOLOGIES L.L.C. (BQR82RBBHL), Developer ID Certification Authority, Apple Root CA",4.44.65
Robert Garrett,Slack Helper (Plugin),,,Robert‚Äôs MacBook Pro,Mac,/Users/rg/Library/Caches/com.tinyspeck.slackmacgap.ShipIt/update.VaaOhH6/Slack.app/Contents/Frameworks/Slack Helper (Plugin).app,Identified Developer,,com.tinyspeck.slackmacgap.helper,444000065,"Developer ID Application: SLACK TECHNOLOGIES L.L.C. (BQR82RBBHL), Developer ID Certification Authority, Apple Root CA",4.44.65
Robert Garrett,Slack Helper (Plugin),,,Robert‚Äôs MacBook Pro,Mac,/Users/rg/Library/Caches/com.tinyspeck.slackmacgap.ShipIt/update.vwdu3vX/Slack.app/Contents/Frameworks/Slack Helper (Plugin).app,Identified Developer,,com.tinyspeck.slackmacgap.helper,444000065,"Developer ID Application: SLACK TECHNOLOGIES L.L.C. (BQR82RBBHL), Developer ID Certification Authority, Apple Root CA",4.44.65
Robert Garrett,Slack Helper (Plugin),,,Robert‚Äôs MacBook Pro,Mac,/Users/rg/Library/Caches/com.tinyspeck.slackmacgap.ShipIt/update.WJD281m/Slack.app/Contents/Frameworks/Slack Helper (Plugin).app,Identified Developer,,com.tinyspeck.slackmacgap.helper,444000065,"Developer ID Application: SLACK TECHNOLOGIES L.L.C. (BQR82RBBHL), Developer ID Certification Authority, Apple Root CA",4.44.65
Robert Garrett,Slack Helper (Plugin),,,Robert‚Äôs MacBook Pro,Mac,/Users/rg/Library/Caches/com.tinyspeck.slackmacgap.ShipIt/update.wUH8xgx/Slack.app/Contents/Frameworks/Slack Helper (Plugin).app,Identified Developer,,com.tinyspeck.slackmacgap.helper,444000065,"Developer ID Application: SLACK TECHNOLOGIES L.L.C. (BQR82RBBHL), Developer ID Certification Authority, Apple Root CA",4.44.65
Robert Garrett,Slack Helper (Plugin),,,Robert‚Äôs MacBook Pro,Mac,/Users/rg/Library/Caches/com.tinyspeck.slackmacgap.ShipIt/update.wW4AIzg/Slack.app/Contents/Frameworks/Slack Helper (Plugin).app,Identified Developer,,com.tinyspeck.slackmacgap.helper,444000065,"Developer ID Application: SLACK TECHNOLOGIES L.L.C. (BQR82RBBHL), Developer ID Certification Authority, Apple Root CA",4.44.65
Robert Garrett,Slack Helper (Plugin),,,Robert‚Äôs MacBook Pro,Mac,/Users/rg/Library/Caches/com.tinyspeck.slackmacgap.ShipIt/update.XBRWkxO/Slack.app/Contents/Frameworks/Slack Helper (Plugin).app,Identified Developer,,com.tinyspeck.slackmacgap.helper,444000065,"Developer ID Application: SLACK TECHNOLOGIES L.L.C. (BQR82RBBHL), Developer ID Certification Authority, Apple Root CA",4.44.65
Robert Garrett,Slack Helper (Plugin),,,Robert‚Äôs MacBook Pro,Mac,/Users/rg/Library/Caches/com.tinyspeck.slackmacgap.ShipIt/update.xOcvF50/Slack.app/Contents/Frameworks/Slack Helper (Plugin).app,Identified Developer,,com.tinyspeck.slackmacgap.helper,444000065,"Developer ID Application: SLACK TECHNOLOGIES L.L.C. (BQR82RBBHL), Developer ID Certification Authority, Apple Root CA",4.44.65
Robert Garrett,Slack Helper (Plugin),,,Robert‚Äôs MacBook Pro,Mac,/Users/rg/Library/Caches/com.tinyspeck.slackmacgap.ShipIt/update.yB2rIlL/Slack.app/Contents/Frameworks/Slack Helper (Plugin).app,Identified Developer,,com.tinyspeck.slackmacgap.helper,444000065,"Developer ID Application: SLACK TECHNOLOGIES L.L.C. (BQR82RBBHL), Developer ID Certification Authority, Apple Root CA",4.44.65
Robert Garrett,Slack Helper (Plugin),,,Robert‚Äôs MacBook Pro,Mac,/Users/rg/Library/Caches/com.tinyspeck.slackmacgap.ShipIt/update.yi69MyA/Slack.app/Contents/Frameworks/Slack Helper (Plugin).app,Identified Developer,,com.tinyspeck.slackmacgap.helper,444000065,"Developer ID Application: SLACK TECHNOLOGIES L.L.C. (BQR82RBBHL), Developer ID Certification Authority, Apple Root CA",4.44.65
Robert Garrett,Slack Helper (Plugin),,,Robert‚Äôs MacBook Pro,Mac,/Users/rg/Library/Caches/com.tinyspeck.slackmacgap.ShipIt/update.YLwKgVY/Slack.app/Contents/Frameworks/Slack Helper (Plugin).app,Identified Developer,,com.tinyspeck.slackmacgap.helper,444000065,"Developer ID Application: SLACK TECHNOLOGIES L.L.C. (BQR82RBBHL), Developer ID Certification Authority, Apple Root CA",4.44.65
Robert Garrett,Slack Helper (Plugin),,,Robert‚Äôs MacBook Pro,Mac,/Users/rg/Library/Caches/com.tinyspeck.slackmacgap.ShipIt/update.YXTiVJf/Slack.app/Contents/Frameworks/Slack Helper (Plugin).app,Identified Developer,,com.tinyspeck.slackmacgap.helper,444000065,"Developer ID Application: SLACK TECHNOLOGIES L.L.C. (BQR82RBBHL), Developer ID Certification Authority, Apple Root CA",4.44.65
Robert Garrett,Slack Helper (Plugin),,,Robert‚Äôs MacBook Pro,Mac,/Users/rg/Library/Caches/com.tinyspeck.slackmacgap.ShipIt/update.ZbdlrI9/Slack.app/Contents/Frameworks/Slack Helper (Plugin).app,Identified Developer,,com.tinyspeck.slackmacgap.helper,444000065,"Developer ID Application: SLACK TECHNOLOGIES L.L.C. (BQR82RBBHL), Developer ID Certification Authority, Apple Root CA",4.44.65
Robert Garrett,Slack Helper (Plugin),,,Robert‚Äôs MacBook Pro,Mac,/Users/rg/Library/Caches/com.tinyspeck.slackmacgap.ShipIt/update.zESGRSi/Slack.app/Contents/Frameworks/Slack Helper (Plugin).app,Identified Developer,,com.tinyspeck.slackmacgap.helper,444000065,"Developer ID Application: SLACK TECHNOLOGIES L.L.C. (BQR82RBBHL), Developer ID Certification Authority, Apple Root CA",4.44.65
Robert Garrett,Slack Helper (Plugin),,,Robert‚Äôs MacBook Pro,Mac,/Users/rg/Library/Caches/com.tinyspeck.slackmacgap.ShipIt/update.zsZosTR/Slack.app/Contents/Frameworks/Slack Helper (Plugin).app,Identified Developer,,com.tinyspeck.slackmacgap.helper,444000065,"Developer ID Application: SLACK TECHNOLOGIES L.L.C. (BQR82RBBHL), Developer ID Certification Authority, Apple Root CA",4.44.65
Robert Garrett,Slack Helper (Plugin),,,Robert‚Äôs MacBook Pro,Mac,/Users/rg/Library/Caches/com.tinyspeck.slackmacgap.ShipIt/update.ZxsEWQP/Slack.app/Contents/Frameworks/Slack Helper (Plugin).app,Identified Developer,,com.tinyspeck.slackmacgap.helper,444000065,"Developer ID Application: SLACK TECHNOLOGIES L.L.C. (BQR82RBBHL), Developer ID Certification Authority, Apple Root CA",4.44.65
Robert Garrett,Slack Helper (Renderer),,,Robert‚Äôs MacBook Pro,Mac,/Applications/Slack.app/Contents/Frameworks/Slack Helper (Renderer).app,Identified Developer,,com.tinyspeck.slackmacgap.helper,444000065,"Developer ID Application: SLACK TECHNOLOGIES L.L.C. (BQR82RBBHL), Developer ID Certification Authority, Apple Root CA",4.44.65
Robert Garrett,Slack Helper (Renderer),,,Robert‚Äôs MacBook Pro,Mac,/Users/rg/Library/Caches/com.tinyspeck.slackmacgap.ShipIt/update.0uhkOM7/Slack.app/Contents/Frameworks/Slack Helper (Renderer).app,Identified Developer,,com.tinyspeck.slackmacgap.helper,444000065,"Developer ID Application: SLACK TECHNOLOGIES L.L.C. (BQR82RBBHL), Developer ID Certification Authority, Apple Root CA",4.44.65
Robert Garrett,Slack Helper (Renderer),,,Robert‚Äôs MacBook Pro,Mac,/Users/rg/Library/Caches/com.tinyspeck.slackmacgap.ShipIt/update.1513R4K/Slack.app/Contents/Frameworks/Slack Helper (Renderer).app,Identified Developer,,com.tinyspeck.slackmacgap.helper,444000065,"Developer ID Application: SLACK TECHNOLOGIES L.L.C. (BQR82RBBHL), Developer ID Certification Authority, Apple Root CA",4.44.65
Robert Garrett,Slack Helper (Renderer),,,Robert‚Äôs MacBook Pro,Mac,/Users/rg/Library/Caches/com.tinyspeck.slackmacgap.ShipIt/update.1iUkWot/Slack.app/Contents/Frameworks/Slack Helper (Renderer).app,Identified Developer,,com.tinyspeck.slackmacgap.helper,444000065,"Developer ID Application: SLACK TECHNOLOGIES L.L.C. (BQR82RBBHL), Developer ID Certification Authority, Apple Root CA",4.44.65
Robert Garrett,Slack Helper (Renderer),,,Robert‚Äôs MacBook Pro,Mac,/Users/rg/Library/Caches/com.tinyspeck.slackmacgap.ShipIt/update.1wdiibC/Slack.app/Contents/Frameworks/Slack Helper (Renderer).app,Identified Developer,,com.tinyspeck.slackmacgap.helper,444000065,"Developer ID Application: SLACK TECHNOLOGIES L.L.C. (BQR82RBBHL), Developer ID Certification Authority, Apple Root CA",4.44.65
Robert Garrett,Slack Helper (Renderer),,,Robert‚Äôs MacBook Pro,Mac,/Users/rg/Library/Caches/com.tinyspeck.slackmacgap.ShipIt/update.1wHcZPI/Slack.app/Contents/Frameworks/Slack Helper (Renderer).app,Identified Developer,,com.tinyspeck.slackmacgap.helper,444000065,"Developer ID Application: SLACK TECHNOLOGIES L.L.C. (BQR82RBBHL), Developer ID Certification Authority, Apple Root CA",4.44.65
Robert Garrett,Slack Helper (Renderer),,,Robert‚Äôs MacBook Pro,Mac,/Users/rg/Library/Caches/com.tinyspeck.slackmacgap.ShipIt/update.2vcPKnE/Slack.app/Contents/Frameworks/Slack Helper (Renderer).app,Identified Developer,,com.tinyspeck.slackmacgap.helper,444000065,"Developer ID Application: SLACK TECHNOLOGIES L.L.C. (BQR82RBBHL), Developer ID Certification Authority, Apple Root CA",4.44.65
Robert Garrett,Slack Helper (Renderer),,,Robert‚Äôs MacBook Pro,Mac,/Users/rg/Library/Caches/com.tinyspeck.slackmacgap.ShipIt/update.3HZXR0i/Slack.app/Contents/Frameworks/Slack Helper (Renderer).app,Identified Developer,,com.tinyspeck.slackmacgap.helper,444000065,"Developer ID Application: SLACK TECHNOLOGIES L.L.C. (BQR82RBBHL), Developer ID Certification Authority, Apple Root CA",4.44.65
Robert Garrett,Slack Helper (Renderer),,,Robert‚Äôs MacBook Pro,Mac,/Users/rg/Library/Caches/com.tinyspeck.slackmacgap.ShipIt/update.3iuAxbm/Slack.app/Contents/Frameworks/Slack Helper (Renderer).app,Identified Developer,,com.tinyspeck.slackmacgap.helper,444000065,"Developer ID Application: SLACK TECHNOLOGIES L.L.C. (BQR82RBBHL), Developer ID Certification Authority, Apple Root CA",4.44.65
Robert Garrett,Slack Helper (Renderer),,,Robert‚Äôs MacBook Pro,Mac,/Users/rg/Library/Caches/com.tinyspeck.slackmacgap.ShipIt/update.4m2qVxx/Slack.app/Contents/Frameworks/Slack Helper (Renderer).app,Identified Developer,,com.tinyspeck.slackmacgap.helper,444000065,"Developer ID Application: SLACK TECHNOLOGIES L.L.C. (BQR82RBBHL), Developer ID Certification Authority, Apple Root CA",4.44.65
Robert Garrett,Slack Helper (Renderer),,,Robert‚Äôs MacBook Pro,Mac,/Users/rg/Library/Caches/com.tinyspeck.slackmacgap.ShipIt/update.4SW2USu/Slack.app/Contents/Frameworks/Slack Helper (Renderer).app,Identified Developer,,com.tinyspeck.slackmacgap.helper,444000065,"Developer ID Application: SLACK TECHNOLOGIES L.L.C. (BQR82RBBHL), Developer ID Certification Authority, Apple Root CA",4.44.65
Robert Garrett,Slack Helper (Renderer),,,Robert‚Äôs MacBook Pro,Mac,/Users/rg/Library/Caches/com.tinyspeck.slackmacgap.ShipIt/update.5bcD0mF/Slack.app/Contents/Frameworks/Slack Helper (Renderer).app,Identified Developer,,com.tinyspeck.slackmacgap.helper,444000065,"Developer ID Application: SLACK TECHNOLOGIES L.L.C. (BQR82RBBHL), Developer ID Certification Authority, Apple Root CA",4.44.65
Robert Garrett,Slack Helper (Renderer),,,Robert‚Äôs MacBook Pro,Mac,/Users/rg/Library/Caches/com.tinyspeck.slackmacgap.ShipIt/update.5eMHkBp/Slack.app/Contents/Frameworks/Slack Helper (Renderer).app,Identified Developer,,com.tinyspeck.slackmacgap.helper,444000065,"Developer ID Application: SLACK TECHNOLOGIES L.L.C. (BQR82RBBHL), Developer ID Certification Authority, Apple Root CA",4.44.65
Robert Garrett,Slack Helper (Renderer),,,Robert‚Äôs MacBook Pro,Mac,/Users/rg/Library/Caches/com.tinyspeck.slackmacgap.ShipIt/update.5VubLAC/Slack.app/Contents/Frameworks/Slack Helper (Renderer).app,Identified Developer,,com.tinyspeck.slackmacgap.helper,444000065,"Developer ID Application: SLACK TECHNOLOGIES L.L.C. (BQR82RBBHL), Developer ID Certification Authority, Apple Root CA",4.44.65
Robert Garrett,Slack Helper (Renderer),,,Robert‚Äôs MacBook Pro,Mac,/Users/rg/Library/Caches/com.tinyspeck.slackmacgap.ShipIt/update.60cGrcn/Slack.app/Contents/Frameworks/Slack Helper (Renderer).app,Identified Developer,,com.tinyspeck.slackmacgap.helper,444000065,"Developer ID Application: SLACK TECHNOLOGIES L.L.C. (BQR82RBBHL), Developer ID Certification Authority, Apple Root CA",4.44.65
Robert Garrett,Slack Helper (Renderer),,,Robert‚Äôs MacBook Pro,Mac,/Users/rg/Library/Caches/com.tinyspeck.slackmacgap.ShipIt/update.77viFcg/Slack.app/Contents/Frameworks/Slack Helper (Renderer).app,Identified Developer,,com.tinyspeck.slackmacgap.helper,444000065,"Developer ID Application: SLACK TECHNOLOGIES L.L.C. (BQR82RBBHL), Developer ID Certification Authority, Apple Root CA",4.44.65
Robert Garrett,Slack Helper (Renderer),,,Robert‚Äôs MacBook Pro,Mac,/Users/rg/Library/Caches/com.tinyspeck.slackmacgap.ShipIt/update.7gD7A8z/Slack.app/Contents/Frameworks/Slack Helper (Renderer).app,Identified Developer,,com.tinyspeck.slackmacgap.helper,444000065,"Developer ID Application: SLACK TECHNOLOGIES L.L.C. (BQR82RBBHL), Developer ID Certification Authority, Apple Root CA",4.44.65
Robert Garrett,Slack Helper (Renderer),,,Robert‚Äôs MacBook Pro,Mac,/Users/rg/Library/Caches/com.tinyspeck.slackmacgap.ShipIt/update.7NQAh1n/Slack.app/Contents/Frameworks/Slack Helper (Renderer).app,Identified Developer,,com.tinyspeck.slackmacgap.helper,444000065,"Developer ID Application: SLACK TECHNOLOGIES L.L.C. (BQR82RBBHL), Developer ID Certification Authority, Apple Root CA",4.44.65
Robert Garrett,Slack Helper (Renderer),,,Robert‚Äôs MacBook Pro,Mac,/Users/rg/Library/Caches/com.tinyspeck.slackmacgap.ShipIt/update.7qKDW4B/Slack.app/Contents/Frameworks/Slack Helper (Renderer).app,Identified Developer,,com.tinyspeck.slackmacgap.helper,444000065,"Developer ID Application: SLACK TECHNOLOGIES L.L.C. (BQR82RBBHL), Developer ID Certification Authority, Apple Root CA",4.44.65
Robert Garrett,Slack Helper (Renderer),,,Robert‚Äôs MacBook Pro,Mac,/Users/rg/Library/Caches/com.tinyspeck.slackmacgap.ShipIt/update.8P0THAu/Slack.app/Contents/Frameworks/Slack Helper (Renderer).app,Identified Developer,,com.tinyspeck.slackmacgap.helper,444000065,"Developer ID Application: SLACK TECHNOLOGIES L.L.C. (BQR82RBBHL), Developer ID Certification Authority, Apple Root CA",4.44.65
Robert Garrett,Slack Helper (Renderer),,,Robert‚Äôs MacBook Pro,Mac,/Users/rg/Library/Caches/com.tinyspeck.slackmacgap.ShipIt/update.8RTVjO4/Slack.app/Contents/Frameworks/Slack Helper (Renderer).app,Identified Developer,,com.tinyspeck.slackmacgap.helper,444000065,"Developer ID Application: SLACK TECHNOLOGIES L.L.C. (BQR82RBBHL), Developer ID Certification Authority, Apple Root CA",4.44.65
Robert Garrett,Slack Helper (Renderer),,,Robert‚Äôs MacBook Pro,Mac,/Users/rg/Library/Caches/com.tinyspeck.slackmacgap.ShipIt/update.99Shh7U/Slack.app/Contents/Frameworks/Slack Helper (Renderer).app,Identified Developer,,com.tinyspeck.slackmacgap.helper,444000065,"Developer ID Application: SLACK TECHNOLOGIES L.L.C. (BQR82RBBHL), Developer ID Certification Authority, Apple Root CA",4.44.65
Robert Garrett,Slack Helper (Renderer),,,Robert‚Äôs MacBook Pro,Mac,/Users/rg/Library/Caches/com.tinyspeck.slackmacgap.ShipIt/update.9tqOj5S/Slack.app/Contents/Frameworks/Slack Helper (Renderer).app,Identified Developer,,com.tinyspeck.slackmacgap.helper,444000065,"Developer ID Application: SLACK TECHNOLOGIES L.L.C. (BQR82RBBHL), Developer ID Certification Authority, Apple Root CA",4.44.65
Robert Garrett,Slack Helper (Renderer),,,Robert‚Äôs MacBook Pro,Mac,/Users/rg/Library/Caches/com.tinyspeck.slackmacgap.ShipIt/update.ap3ti8r/Slack.app/Contents/Frameworks/Slack Helper (Renderer).app,Identified Developer,,com.tinyspeck.slackmacgap.helper,444000065,"Developer ID Application: SLACK TECHNOLOGIES L.L.C. (BQR82RBBHL), Developer ID Certification Authority, Apple Root CA",4.44.65
Robert Garrett,Slack Helper (Renderer),,,Robert‚Äôs MacBook Pro,Mac,/Users/rg/Library/Caches/com.tinyspeck.slackmacgap.ShipIt/update.b8f4Jzu/Slack.app/Contents/Frameworks/Slack Helper (Renderer).app,Identified Developer,,com.tinyspeck.slackmacgap.helper,444000065,"Developer ID Application: SLACK TECHNOLOGIES L.L.C. (BQR82RBBHL), Developer ID Certification Authority, Apple Root CA",4.44.65
Robert Garrett,Slack Helper (Renderer),,,Robert‚Äôs MacBook Pro,Mac,/Users/rg/Library/Caches/com.tinyspeck.slackmacgap.ShipIt/update.cEnwrBM/Slack.app/Contents/Frameworks/Slack Helper (Renderer).app,Identified Developer,,com.tinyspeck.slackmacgap.helper,444000065,"Developer ID Application: SLACK TECHNOLOGIES L.L.C. (BQR82RBBHL), Developer ID Certification Authority, Apple Root CA",4.44.65
Robert Garrett,Slack Helper (Renderer),,,Robert‚Äôs MacBook Pro,Mac,/Users/rg/Library/Caches/com.tinyspeck.slackmacgap.ShipIt/update.cqhvWtw/Slack.app/Contents/Frameworks/Slack Helper (Renderer).app,Identified Developer,,com.tinyspeck.slackmacgap.helper,444000065,"Developer ID Application: SLACK TECHNOLOGIES L.L.C. (BQR82RBBHL), Developer ID Certification Authority, Apple Root CA",4.44.65
Robert Garrett,Slack Helper (Renderer),,,Robert‚Äôs MacBook Pro,Mac,/Users/rg/Library/Caches/com.tinyspeck.slackmacgap.ShipIt/update.DAEpTfr/Slack.app/Contents/Frameworks/Slack Helper (Renderer).app,Identified Developer,,com.tinyspeck.slackmacgap.helper,444000065,"Developer ID Application: SLACK TECHNOLOGIES L.L.C. (BQR82RBBHL), Developer ID Certification Authority, Apple Root CA",4.44.65
Robert Garrett,Slack Helper (Renderer),,,Robert‚Äôs MacBook Pro,Mac,/Users/rg/Library/Caches/com.tinyspeck.slackmacgap.ShipIt/update.DHWCzJp/Slack.app/Contents/Frameworks/Slack Helper (Renderer).app,Identified Developer,,com.tinyspeck.slackmacgap.helper,444000065,"Developer ID Application: SLACK TECHNOLOGIES L.L.C. (BQR82RBBHL), Developer ID Certification Authority, Apple Root CA",4.44.65
Robert Garrett,Slack Helper (Renderer),,,Robert‚Äôs MacBook Pro,Mac,/Users/rg/Library/Caches/com.tinyspeck.slackmacgap.ShipIt/update.dSLpQUP/Slack.app/Contents/Frameworks/Slack Helper (Renderer).app,Identified Developer,,com.tinyspeck.slackmacgap.helper,444000065,"Developer ID Application: SLACK TECHNOLOGIES L.L.C. (BQR82RBBHL), Developer ID Certification Authority, Apple Root CA",4.44.65
Robert Garrett,Slack Helper (Renderer),,,Robert‚Äôs MacBook Pro,Mac,/Users/rg/Library/Caches/com.tinyspeck.slackmacgap.ShipIt/update.EivlUt0/Slack.app/Contents/Frameworks/Slack Helper (Renderer).app,Identified Developer,,com.tinyspeck.slackmacgap.helper,444000065,"Developer ID Application: SLACK TECHNOLOGIES L.L.C. (BQR82RBBHL), Developer ID Certification Authority, Apple Root CA",4.44.65
Robert Garrett,Slack Helper (Renderer),,,Robert‚Äôs MacBook Pro,Mac,/Users/rg/Library/Caches/com.tinyspeck.slackmacgap.ShipIt/update.ELWrhT3/Slack.app/Contents/Frameworks/Slack Helper (Renderer).app,Identified Developer,,com.tinyspeck.slackmacgap.helper,444000065,"Developer ID Application: SLACK TECHNOLOGIES L.L.C. (BQR82RBBHL), Developer ID Certification Authority, Apple Root CA",4.44.65
Robert Garrett,Slack Helper (Renderer),,,Robert‚Äôs MacBook Pro,Mac,/Users/rg/Library/Caches/com.tinyspeck.slackmacgap.ShipIt/update.eqItqs2/Slack.app/Contents/Frameworks/Slack Helper (Renderer).app,Identified Developer,,com.tinyspeck.slackmacgap.helper,444000065,"Developer ID Application: SLACK TECHNOLOGIES L.L.C. (BQR82RBBHL), Developer ID Certification Authority, Apple Root CA",4.44.65
Robert Garrett,Slack Helper (Renderer),,,Robert‚Äôs MacBook Pro,Mac,/Users/rg/Library/Caches/com.tinyspeck.slackmacgap.ShipIt/update.F1EvgVo/Slack.app/Contents/Frameworks/Slack Helper (Renderer).app,Identified Developer,,com.tinyspeck.slackmacgap.helper,444000065,"Developer ID Application: SLACK TECHNOLOGIES L.L.C. (BQR82RBBHL), Developer ID Certification Authority, Apple Root CA",4.44.65
Robert Garrett,Slack Helper (Renderer),,,Robert‚Äôs MacBook Pro,Mac,/Users/rg/Library/Caches/com.tinyspeck.slackmacgap.ShipIt/update.f3Vqyge/Slack.app/Contents/Frameworks/Slack Helper (Renderer).app,Identified Developer,,com.tinyspeck.slackmacgap.helper,444000065,"Developer ID Application: SLACK TECHNOLOGIES L.L.C. (BQR82RBBHL), Developer ID Certification Authority, Apple Root CA",4.44.65
Robert Garrett,Slack Helper (Renderer),,,Robert‚Äôs MacBook Pro,Mac,/Users/rg/Library/Caches/com.tinyspeck.slackmacgap.ShipIt/update.fhfeyzr/Slack.app/Contents/Frameworks/Slack Helper (Renderer).app,Identified Developer,,com.tinyspeck.slackmacgap.helper,444000065,"Developer ID Application: SLACK TECHNOLOGIES L.L.C. (BQR82RBBHL), Developer ID Certification Authority, Apple Root CA",4.44.65
Robert Garrett,Slack Helper (Renderer),,,Robert‚Äôs MacBook Pro,Mac,/Users/rg/Library/Caches/com.tinyspeck.slackmacgap.ShipIt/update.fi6RVmw/Slack.app/Contents/Frameworks/Slack Helper (Renderer).app,Identified Developer,,com.tinyspeck.slackmacgap.helper,444000065,"Developer ID Application: SLACK TECHNOLOGIES L.L.C. (BQR82RBBHL), Developer ID Certification Authority, Apple Root CA",4.44.65
Robert Garrett,Slack Helper (Renderer),,,Robert‚Äôs MacBook Pro,Mac,/Users/rg/Library/Caches/com.tinyspeck.slackmacgap.ShipIt/update.FiCetou/Slack.app/Contents/Frameworks/Slack Helper (Renderer).app,Identified Developer,,com.tinyspeck.slackmacgap.helper,444000065,"Developer ID Application: SLACK TECHNOLOGIES L.L.C. (BQR82RBBHL), Developer ID Certification Authority, Apple Root CA",4.44.65
Robert Garrett,Slack Helper (Renderer),,,Robert‚Äôs MacBook Pro,Mac,/Users/rg/Library/Caches/com.tinyspeck.slackmacgap.ShipIt/update.fkYpPFg/Slack.app/Contents/Frameworks/Slack Helper (Renderer).app,Identified Developer,,com.tinyspeck.slackmacgap.helper,444000065,"Developer ID Application: SLACK TECHNOLOGIES L.L.C. (BQR82RBBHL), Developer ID Certification Authority, Apple Root CA",4.44.65
Robert Garrett,Slack Helper (Renderer),,,Robert‚Äôs MacBook Pro,Mac,/Users/rg/Library/Caches/com.tinyspeck.slackmacgap.ShipIt/update.FW6opSl/Slack.app/Contents/Frameworks/Slack Helper (Renderer).app,Identified Developer,,com.tinyspeck.slackmacgap.helper,444000065,"Developer ID Application: SLACK TECHNOLOGIES L.L.C. (BQR82RBBHL), Developer ID Certification Authority, Apple Root CA",4.44.65
Robert Garrett,Slack Helper (Renderer),,,Robert‚Äôs MacBook Pro,Mac,/Users/rg/Library/Caches/com.tinyspeck.slackmacgap.ShipIt/update.G5T1xzs/Slack.app/Contents/Frameworks/Slack Helper (Renderer).app,Identified Developer,,com.tinyspeck.slackmacgap.helper,444000065,"Developer ID Application: SLACK TECHNOLOGIES L.L.C. (BQR82RBBHL), Developer ID Certification Authority, Apple Root CA",4.44.65
Robert Garrett,Slack Helper (Renderer),,,Robert‚Äôs MacBook Pro,Mac,/Users/rg/Library/Caches/com.tinyspeck.slackmacgap.ShipIt/update.gDPyZXv/Slack.app/Contents/Frameworks/Slack Helper (Renderer).app,Identified Developer,,com.tinyspeck.slackmacgap.helper,444000065,"Developer ID Application: SLACK TECHNOLOGIES L.L.C. (BQR82RBBHL), Developer ID Certification Authority, Apple Root CA",4.44.65
Robert Garrett,Slack Helper (Renderer),,,Robert‚Äôs MacBook Pro,Mac,/Users/rg/Library/Caches/com.tinyspeck.slackmacgap.ShipIt/update.gGfVjcg/Slack.app/Contents/Frameworks/Slack Helper (Renderer).app,Identified Developer,,com.tinyspeck.slackmacgap.helper,444000065,"Developer ID Application: SLACK TECHNOLOGIES L.L.C. (BQR82RBBHL), Developer ID Certification Authority, Apple Root CA",4.44.65
Robert Garrett,Slack Helper (Renderer),,,Robert‚Äôs MacBook Pro,Mac,/Users/rg/Library/Caches/com.tinyspeck.slackmacgap.ShipIt/update.GjP0Axt/Slack.app/Contents/Frameworks/Slack Helper (Renderer).app,Identified Developer,,com.tinyspeck.slackmacgap.helper,444000065,"Developer ID Application: SLACK TECHNOLOGIES L.L.C. (BQR82RBBHL), Developer ID Certification Authority, Apple Root CA",4.44.65
Robert Garrett,Slack Helper (Renderer),,,Robert‚Äôs MacBook Pro,Mac,/Users/rg/Library/Caches/com.tinyspeck.slackmacgap.ShipIt/update.hk5QmuQ/Slack.app/Contents/Frameworks/Slack Helper (Renderer).app,Identified Developer,,com.tinyspeck.slackmacgap.helper,444000065,"Developer ID Application: SLACK TECHNOLOGIES L.L.C. (BQR82RBBHL), Developer ID Certification Authority, Apple Root CA",4.44.65
Robert Garrett,Slack Helper (Renderer),,,Robert‚Äôs MacBook Pro,Mac,/Users/rg/Library/Caches/com.tinyspeck.slackmacgap.ShipIt/update.hLw4Ir7/Slack.app/Contents/Frameworks/Slack Helper (Renderer).app,Identified Developer,,com.tinyspeck.slackmacgap.helper,444000065,"Developer ID Application: SLACK TECHNOLOGIES L.L.C. (BQR82RBBHL), Developer ID Certification Authority, Apple Root CA",4.44.65
Robert Garrett,Slack Helper (Renderer),,,Robert‚Äôs MacBook Pro,Mac,/Users/rg/Library/Caches/com.tinyspeck.slackmacgap.ShipIt/update.hOLLKUF/Slack.app/Contents/Frameworks/Slack Helper (Renderer).app,Identified Developer,,com.tinyspeck.slackmacgap.helper,444000065,"Developer ID Application: SLACK TECHNOLOGIES L.L.C. (BQR82RBBHL), Developer ID Certification Authority, Apple Root CA",4.44.65
Robert Garrett,Slack Helper (Renderer),,,Robert‚Äôs MacBook Pro,Mac,/Users/rg/Library/Caches/com.tinyspeck.slackmacgap.ShipIt/update.hsKvbds/Slack.app/Contents/Frameworks/Slack Helper (Renderer).app,Identified Developer,,com.tinyspeck.slackmacgap.helper,444000065,"Developer ID Application: SLACK TECHNOLOGIES L.L.C. (BQR82RBBHL), Developer ID Certification Authority, Apple Root CA",4.44.65
Robert Garrett,Slack Helper (Renderer),,,Robert‚Äôs MacBook Pro,Mac,/Users/rg/Library/Caches/com.tinyspeck.slackmacgap.ShipIt/update.hx3iMj5/Slack.app/Contents/Frameworks/Slack Helper (Renderer).app,Identified Developer,,com.tinyspeck.slackmacgap.helper,444000065,"Developer ID Application: SLACK TECHNOLOGIES L.L.C. (BQR82RBBHL), Developer ID Certification Authority, Apple Root CA",4.44.65
Robert Garrett,Slack Helper (Renderer),,,Robert‚Äôs MacBook Pro,Mac,/Users/rg/Library/Caches/com.tinyspeck.slackmacgap.ShipIt/update.I3zYqhg/Slack.app/Contents/Frameworks/Slack Helper (Renderer).app,Identified Developer,,com.tinyspeck.slackmacgap.helper,444000065,"Developer ID Application: SLACK TECHNOLOGIES L.L.C. (BQR82RBBHL), Developer ID Certification Authority, Apple Root CA",4.44.65
Robert Garrett,Slack Helper (Renderer),,,Robert‚Äôs MacBook Pro,Mac,/Users/rg/Library/Caches/com.tinyspeck.slackmacgap.ShipIt/update.IMtv6yl/Slack.app/Contents/Frameworks/Slack Helper (Renderer).app,Identified Developer,,com.tinyspeck.slackmacgap.helper,444000065,"Developer ID Application: SLACK TECHNOLOGIES L.L.C. (BQR82RBBHL), Developer ID Certification Authority, Apple Root CA",4.44.65
Robert Garrett,Slack Helper (Renderer),,,Robert‚Äôs MacBook Pro,Mac,/Users/rg/Library/Caches/com.tinyspeck.slackmacgap.ShipIt/update.IxJassT/Slack.app/Contents/Frameworks/Slack Helper (Renderer).app,Identified Developer,,com.tinyspeck.slackmacgap.helper,444000065,"Developer ID Application: SLACK TECHNOLOGIES L.L.C. (BQR82RBBHL), Developer ID Certification Authority, Apple Root CA",4.44.65
Robert Garrett,Slack Helper (Renderer),,,Robert‚Äôs MacBook Pro,Mac,/Users/rg/Library/Caches/com.tinyspeck.slackmacgap.ShipIt/update.JXVP5Hd/Slack.app/Contents/Frameworks/Slack Helper (Renderer).app,Identified Developer,,com.tinyspeck.slackmacgap.helper,444000065,"Developer ID Application: SLACK TECHNOLOGIES L.L.C. (BQR82RBBHL), Developer ID Certification Authority, Apple Root CA",4.44.65
Robert Garrett,Slack Helper (Renderer),,,Robert‚Äôs MacBook Pro,Mac,/Users/rg/Library/Caches/com.tinyspeck.slackmacgap.ShipIt/update.lfEs8U2/Slack.app/Contents/Frameworks/Slack Helper (Renderer).app,Identified Developer,,com.tinyspeck.slackmacgap.helper,444000065,"Developer ID Application: SLACK TECHNOLOGIES L.L.C. (BQR82RBBHL), Developer ID Certification Authority, Apple Root CA",4.44.65
Robert Garrett,Slack Helper (Renderer),,,Robert‚Äôs MacBook Pro,Mac,/Users/rg/Library/Caches/com.tinyspeck.slackmacgap.ShipIt/update.ljYECPW/Slack.app/Contents/Frameworks/Slack Helper (Renderer).app,Identified Developer,,com.tinyspeck.slackmacgap.helper,444000065,"Developer ID Application: SLACK TECHNOLOGIES L.L.C. (BQR82RBBHL), Developer ID Certification Authority, Apple Root CA",4.44.65
Robert Garrett,Slack Helper (Renderer),,,Robert‚Äôs MacBook Pro,Mac,/Users/rg/Library/Caches/com.tinyspeck.slackmacgap.ShipIt/update.MfHNlDn/Slack.app/Contents/Frameworks/Slack Helper (Renderer).app,Identified Developer,,com.tinyspeck.slackmacgap.helper,444000065,"Developer ID Application: SLACK TECHNOLOGIES L.L.C. (BQR82RBBHL), Developer ID Certification Authority, Apple Root CA",4.44.65
Robert Garrett,Slack Helper (Renderer),,,Robert‚Äôs MacBook Pro,Mac,/Users/rg/Library/Caches/com.tinyspeck.slackmacgap.ShipIt/update.mj2hxzO/Slack.app/Contents/Frameworks/Slack Helper (Renderer).app,Identified Developer,,com.tinyspeck.slackmacgap.helper,444000065,"Developer ID Application: SLACK TECHNOLOGIES L.L.C. (BQR82RBBHL), Developer ID Certification Authority, Apple Root CA",4.44.65
Robert Garrett,Slack Helper (Renderer),,,Robert‚Äôs MacBook Pro,Mac,/Users/rg/Library/Caches/com.tinyspeck.slackmacgap.ShipIt/update.mMFGnqq/Slack.app/Contents/Frameworks/Slack Helper (Renderer).app,Identified Developer,,com.tinyspeck.slackmacgap.helper,444000065,"Developer ID Application: SLACK TECHNOLOGIES L.L.C. (BQR82RBBHL), Developer ID Certification Authority, Apple Root CA",4.44.65
Robert Garrett,Slack Helper (Renderer),,,Robert‚Äôs MacBook Pro,Mac,/Users/rg/Library/Caches/com.tinyspeck.slackmacgap.ShipIt/update.n2hmgDj/Slack.app/Contents/Frameworks/Slack Helper (Renderer).app,Identified Developer,,com.tinyspeck.slackmacgap.helper,444000065,"Developer ID Application: SLACK TECHNOLOGIES L.L.C. (BQR82RBBHL), Developer ID Certification Authority, Apple Root CA",4.44.65
Robert Garrett,Slack Helper (Renderer),,,Robert‚Äôs MacBook Pro,Mac,/Users/rg/Library/Caches/com.tinyspeck.slackmacgap.ShipIt/update.NMY4Cez/Slack.app/Contents/Frameworks/Slack Helper (Renderer).app,Identified Developer,,com.tinyspeck.slackmacgap.helper,444000065,"Developer ID Application: SLACK TECHNOLOGIES L.L.C. (BQR82RBBHL), Developer ID Certification Authority, Apple Root CA",4.44.65
Robert Garrett,Slack Helper (Renderer),,,Robert‚Äôs MacBook Pro,Mac,/Users/rg/Library/Caches/com.tinyspeck.slackmacgap.ShipIt/update.nO8bU4P/Slack.app/Contents/Frameworks/Slack Helper (Renderer).app,Identified Developer,,com.tinyspeck.slackmacgap.helper,444000065,"Developer ID Application: SLACK TECHNOLOGIES L.L.C. (BQR82RBBHL), Developer ID Certification Authority, Apple Root CA",4.44.65
Robert Garrett,Slack Helper (Renderer),,,Robert‚Äôs MacBook Pro,Mac,/Users/rg/Library/Caches/com.tinyspeck.slackmacgap.ShipIt/update.nP1JVQG/Slack.app/Contents/Frameworks/Slack Helper (Renderer).app,Identified Developer,,com.tinyspeck.slackmacgap.helper,444000065,"Developer ID Application: SLACK TECHNOLOGIES L.L.C. (BQR82RBBHL), Developer ID Certification Authority, Apple Root CA",4.44.65
Robert Garrett,Slack Helper (Renderer),,,Robert‚Äôs MacBook Pro,Mac,/Users/rg/Library/Caches/com.tinyspeck.slackmacgap.ShipIt/update.O79XVxf/Slack.app/Contents/Frameworks/Slack Helper (Renderer).app,Identified Developer,,com.tinyspeck.slackmacgap.helper,444000065,"Developer ID Application: SLACK TECHNOLOGIES L.L.C. (BQR82RBBHL), Developer ID Certification Authority, Apple Root CA",4.44.65
Robert Garrett,Slack Helper (Renderer),,,Robert‚Äôs MacBook Pro,Mac,/Users/rg/Library/Caches/com.tinyspeck.slackmacgap.ShipIt/update.oqs4oiI/Slack.app/Contents/Frameworks/Slack Helper (Renderer).app,Identified Developer,,com.tinyspeck.slackmacgap.helper,444000065,"Developer ID Application: SLACK TECHNOLOGIES L.L.C. (BQR82RBBHL), Developer ID Certification Authority, Apple Root CA",4.44.65
Robert Garrett,Slack Helper (Renderer),,,Robert‚Äôs MacBook Pro,Mac,/Users/rg/Library/Caches/com.tinyspeck.slackmacgap.ShipIt/update.OWIxUCH/Slack.app/Contents/Frameworks/Slack Helper (Renderer).app,Identified Developer,,com.tinyspeck.slackmacgap.helper,444000065,"Developer ID Application: SLACK TECHNOLOGIES L.L.C. (BQR82RBBHL), Developer ID Certification Authority, Apple Root CA",4.44.65
Robert Garrett,Slack Helper (Renderer),,,Robert‚Äôs MacBook Pro,Mac,/Users/rg/Library/Caches/com.tinyspeck.slackmacgap.ShipIt/update.p25SrtR/Slack.app/Contents/Frameworks/Slack Helper (Renderer).app,Identified Developer,,com.tinyspeck.slackmacgap.helper,444000065,"Developer ID Application: SLACK TECHNOLOGIES L.L.C. (BQR82RBBHL), Developer ID Certification Authority, Apple Root CA",4.44.65
Robert Garrett,Slack Helper (Renderer),,,Robert‚Äôs MacBook Pro,Mac,/Users/rg/Library/Caches/com.tinyspeck.slackmacgap.ShipIt/update.p7TzA9p/Slack.app/Contents/Frameworks/Slack Helper (Renderer).app,Identified Developer,,com.tinyspeck.slackmacgap.helper,444000065,"Developer ID Application: SLACK TECHNOLOGIES L.L.C. (BQR82RBBHL), Developer ID Certification Authority, Apple Root CA",4.44.65
Robert Garrett,Slack Helper (Renderer),,,Robert‚Äôs MacBook Pro,Mac,/Users/rg/Library/Caches/com.tinyspeck.slackmacgap.ShipIt/update.pFKzq0a/Slack.app/Contents/Frameworks/Slack Helper (Renderer).app,Identified Developer,,com.tinyspeck.slackmacgap.helper,444000065,"Developer ID Application: SLACK TECHNOLOGIES L.L.C. (BQR82RBBHL), Developer ID Certification Authority, Apple Root CA",4.44.65
Robert Garrett,Slack Helper (Renderer),,,Robert‚Äôs MacBook Pro,Mac,/Users/rg/Library/Caches/com.tinyspeck.slackmacgap.ShipIt/update.PkESxXk/Slack.app/Contents/Frameworks/Slack Helper (Renderer).app,Identified Developer,,com.tinyspeck.slackmacgap.helper,444000065,"Developer ID Application: SLACK TECHNOLOGIES L.L.C. (BQR82RBBHL), Developer ID Certification Authority, Apple Root CA",4.44.65
Robert Garrett,Slack Helper (Renderer),,,Robert‚Äôs MacBook Pro,Mac,/Users/rg/Library/Caches/com.tinyspeck.slackmacgap.ShipIt/update.Pl1sMty/Slack.app/Contents/Frameworks/Slack Helper (Renderer).app,Identified Developer,,com.tinyspeck.slackmacgap.helper,444000065,"Developer ID Application: SLACK TECHNOLOGIES L.L.C. (BQR82RBBHL), Developer ID Certification Authority, Apple Root CA",4.44.65
Robert Garrett,Slack Helper (Renderer),,,Robert‚Äôs MacBook Pro,Mac,/Users/rg/Library/Caches/com.tinyspeck.slackmacgap.ShipIt/update.r5GtW0d/Slack.app/Contents/Frameworks/Slack Helper (Renderer).app,Identified Developer,,com.tinyspeck.slackmacgap.helper,444000065,"Developer ID Application: SLACK TECHNOLOGIES L.L.C. (BQR82RBBHL), Developer ID Certification Authority, Apple Root CA",4.44.65
Robert Garrett,Slack Helper (Renderer),,,Robert‚Äôs MacBook Pro,Mac,/Users/rg/Library/Caches/com.tinyspeck.slackmacgap.ShipIt/update.RBLXgtt/Slack.app/Contents/Frameworks/Slack Helper (Renderer).app,Identified Developer,,com.tinyspeck.slackmacgap.helper,444000065,"Developer ID Application: SLACK TECHNOLOGIES L.L.C. (BQR82RBBHL), Developer ID Certification Authority, Apple Root CA",4.44.65
Robert Garrett,Slack Helper (Renderer),,,Robert‚Äôs MacBook Pro,Mac,/Users/rg/Library/Caches/com.tinyspeck.slackmacgap.ShipIt/update.Rl5Wjxg/Slack.app/Contents/Frameworks/Slack Helper (Renderer).app,Identified Developer,,com.tinyspeck.slackmacgap.helper,444000065,"Developer ID Application: SLACK TECHNOLOGIES L.L.C. (BQR82RBBHL), Developer ID Certification Authority, Apple Root CA",4.44.65
Robert Garrett,Slack Helper (Renderer),,,Robert‚Äôs MacBook Pro,Mac,/Users/rg/Library/Caches/com.tinyspeck.slackmacgap.ShipIt/update.s6qVXWX/Slack.app/Contents/Frameworks/Slack Helper (Renderer).app,Identified Developer,,com.tinyspeck.slackmacgap.helper,444000065,"Developer ID Application: SLACK TECHNOLOGIES L.L.C. (BQR82RBBHL), Developer ID Certification Authority, Apple Root CA",4.44.65
Robert Garrett,Slack Helper (Renderer),,,Robert‚Äôs MacBook Pro,Mac,/Users/rg/Library/Caches/com.tinyspeck.slackmacgap.ShipIt/update.sbPpVbf/Slack.app/Contents/Frameworks/Slack Helper (Renderer).app,Identified Developer,,com.tinyspeck.slackmacgap.helper,444000065,"Developer ID Application: SLACK TECHNOLOGIES L.L.C. (BQR82RBBHL), Developer ID Certification Authority, Apple Root CA",4.44.65
Robert Garrett,Slack Helper (Renderer),,,Robert‚Äôs MacBook Pro,Mac,/Users/rg/Library/Caches/com.tinyspeck.slackmacgap.ShipIt/update.sbSyjQt/Slack.app/Contents/Frameworks/Slack Helper (Renderer).app,Identified Developer,,com.tinyspeck.slackmacgap.helper,444000065,"Developer ID Application: SLACK TECHNOLOGIES L.L.C. (BQR82RBBHL), Developer ID Certification Authority, Apple Root CA",4.44.65
Robert Garrett,Slack Helper (Renderer),,,Robert‚Äôs MacBook Pro,Mac,/Users/rg/Library/Caches/com.tinyspeck.slackmacgap.ShipIt/update.sxyZn9U/Slack.app/Contents/Frameworks/Slack Helper (Renderer).app,Identified Developer,,com.tinyspeck.slackmacgap.helper,444000065,"Developer ID Application: SLACK TECHNOLOGIES L.L.C. (BQR82RBBHL), Developer ID Certification Authority, Apple Root CA",4.44.65
Robert Garrett,Slack Helper (Renderer),,,Robert‚Äôs MacBook Pro,Mac,/Users/rg/Library/Caches/com.tinyspeck.slackmacgap.ShipIt/update.sYSUPVf/Slack.app/Contents/Frameworks/Slack Helper (Renderer).app,Identified Developer,,com.tinyspeck.slackmacgap.helper,444000065,"Developer ID Application: SLACK TECHNOLOGIES L.L.C. (BQR82RBBHL), Developer ID Certification Authority, Apple Root CA",4.44.65
Robert Garrett,Slack Helper (Renderer),,,Robert‚Äôs MacBook Pro,Mac,/Users/rg/Library/Caches/com.tinyspeck.slackmacgap.ShipIt/update.T3lWuOV/Slack.app/Contents/Frameworks/Slack Helper (Renderer).app,Identified Developer,,com.tinyspeck.slackmacgap.helper,444000065,"Developer ID Application: SLACK TECHNOLOGIES L.L.C. (BQR82RBBHL), Developer ID Certification Authority, Apple Root CA",4.44.65
Robert Garrett,Slack Helper (Renderer),,,Robert‚Äôs MacBook Pro,Mac,/Users/rg/Library/Caches/com.tinyspeck.slackmacgap.ShipIt/update.U7E5nYp/Slack.app/Contents/Frameworks/Slack Helper (Renderer).app,Identified Developer,,com.tinyspeck.slackmacgap.helper,444000065,"Developer ID Application: SLACK TECHNOLOGIES L.L.C. (BQR82RBBHL), Developer ID Certification Authority, Apple Root CA",4.44.65
Robert Garrett,Slack Helper (Renderer),,,Robert‚Äôs MacBook Pro,Mac,/Users/rg/Library/Caches/com.tinyspeck.slackmacgap.ShipIt/update.uDprMdj/Slack.app/Contents/Frameworks/Slack Helper (Renderer).app,Identified Developer,,com.tinyspeck.slackmacgap.helper,444000065,"Developer ID Application: SLACK TECHNOLOGIES L.L.C. (BQR82RBBHL), Developer ID Certification Authority, Apple Root CA",4.44.65
Robert Garrett,Slack Helper (Renderer),,,Robert‚Äôs MacBook Pro,Mac,/Users/rg/Library/Caches/com.tinyspeck.slackmacgap.ShipIt/update.UTWVDZu/Slack.app/Contents/Frameworks/Slack Helper (Renderer).app,Identified Developer,,com.tinyspeck.slackmacgap.helper,444000065,"Developer ID Application: SLACK TECHNOLOGIES L.L.C. (BQR82RBBHL), Developer ID Certification Authority, Apple Root CA",4.44.65
Robert Garrett,Slack Helper (Renderer),,,Robert‚Äôs MacBook Pro,Mac,/Users/rg/Library/Caches/com.tinyspeck.slackmacgap.ShipIt/update.v3R6F4l/Slack.app/Contents/Frameworks/Slack Helper (Renderer).app,Identified Developer,,com.tinyspeck.slackmacgap.helper,444000065,"Developer ID Application: SLACK TECHNOLOGIES L.L.C. (BQR82RBBHL), Developer ID Certification Authority, Apple Root CA",4.44.65
Robert Garrett,Slack Helper (Renderer),,,Robert‚Äôs MacBook Pro,Mac,/Users/rg/Library/Caches/com.tinyspeck.slackmacgap.ShipIt/update.VaaOhH6/Slack.app/Contents/Frameworks/Slack Helper (Renderer).app,Identified Developer,,com.tinyspeck.slackmacgap.helper,444000065,"Developer ID Application: SLACK TECHNOLOGIES L.L.C. (BQR82RBBHL), Developer ID Certification Authority, Apple Root CA",4.44.65
Robert Garrett,Slack Helper (Renderer),,,Robert‚Äôs MacBook Pro,Mac,/Users/rg/Library/Caches/com.tinyspeck.slackmacgap.ShipIt/update.vwdu3vX/Slack.app/Contents/Frameworks/Slack Helper (Renderer).app,Identified Developer,,com.tinyspeck.slackmacgap.helper,444000065,"Developer ID Application: SLACK TECHNOLOGIES L.L.C. (BQR82RBBHL), Developer ID Certification Authority, Apple Root CA",4.44.65
Robert Garrett,Slack Helper (Renderer),,,Robert‚Äôs MacBook Pro,Mac,/Users/rg/Library/Caches/com.tinyspeck.slackmacgap.ShipIt/update.WJD281m/Slack.app/Contents/Frameworks/Slack Helper (Renderer).app,Identified Developer,,com.tinyspeck.slackmacgap.helper,444000065,"Developer ID Application: SLACK TECHNOLOGIES L.L.C. (BQR82RBBHL), Developer ID Certification Authority, Apple Root CA",4.44.65
Robert Garrett,Slack Helper (Renderer),,,Robert‚Äôs MacBook Pro,Mac,/Users/rg/Library/Caches/com.tinyspeck.slackmacgap.ShipIt/update.wUH8xgx/Slack.app/Contents/Frameworks/Slack Helper (Renderer).app,Identified Developer,,com.tinyspeck.slackmacgap.helper,444000065,"Developer ID Application: SLACK TECHNOLOGIES L.L.C. (BQR82RBBHL), Developer ID Certification Authority, Apple Root CA",4.44.65
Robert Garrett,Slack Helper (Renderer),,,Robert‚Äôs MacBook Pro,Mac,/Users/rg/Library/Caches/com.tinyspeck.slackmacgap.ShipIt/update.wW4AIzg/Slack.app/Contents/Frameworks/Slack Helper (Renderer).app,Identified Developer,,com.tinyspeck.slackmacgap.helper,444000065,"Developer ID Application: SLACK TECHNOLOGIES L.L.C. (BQR82RBBHL), Developer ID Certification Authority, Apple Root CA",4.44.65
Robert Garrett,Slack Helper (Renderer),,,Robert‚Äôs MacBook Pro,Mac,/Users/rg/Library/Caches/com.tinyspeck.slackmacgap.ShipIt/update.XBRWkxO/Slack.app/Contents/Frameworks/Slack Helper (Renderer).app,Identified Developer,,com.tinyspeck.slackmacgap.helper,444000065,"Developer ID Application: SLACK TECHNOLOGIES L.L.C. (BQR82RBBHL), Developer ID Certification Authority, Apple Root CA",4.44.65
Robert Garrett,Slack Helper (Renderer),,,Robert‚Äôs MacBook Pro,Mac,/Users/rg/Library/Caches/com.tinyspeck.slackmacgap.ShipIt/update.xOcvF50/Slack.app/Contents/Frameworks/Slack Helper (Renderer).app,Identified Developer,,com.tinyspeck.slackmacgap.helper,444000065,"Developer ID Application: SLACK TECHNOLOGIES L.L.C. (BQR82RBBHL), Developer ID Certification Authority, Apple Root CA",4.44.65
Robert Garrett,Slack Helper (Renderer),,,Robert‚Äôs MacBook Pro,Mac,/Users/rg/Library/Caches/com.tinyspeck.slackmacgap.ShipIt/update.yB2rIlL/Slack.app/Contents/Frameworks/Slack Helper (Renderer).app,Identified Developer,,com.tinyspeck.slackmacgap.helper,444000065,"Developer ID Application: SLACK TECHNOLOGIES L.L.C. (BQR82RBBHL), Developer ID Certification Authority, Apple Root CA",4.44.65
Robert Garrett,Slack Helper (Renderer),,,Robert‚Äôs MacBook Pro,Mac,/Users/rg/Library/Caches/com.tinyspeck.slackmacgap.ShipIt/update.yi69MyA/Slack.app/Contents/Frameworks/Slack Helper (Renderer).app,Identified Developer,,com.tinyspeck.slackmacgap.helper,444000065,"Developer ID Application: SLACK TECHNOLOGIES L.L.C. (BQR82RBBHL), Developer ID Certification Authority, Apple Root CA",4.44.65
Robert Garrett,Slack Helper (Renderer),,,Robert‚Äôs MacBook Pro,Mac,/Users/rg/Library/Caches/com.tinyspeck.slackmacgap.ShipIt/update.YLwKgVY/Slack.app/Contents/Frameworks/Slack Helper (Renderer).app,Identified Developer,,com.tinyspeck.slackmacgap.helper,444000065,"Developer ID Application: SLACK TECHNOLOGIES L.L.C. (BQR82RBBHL), Developer ID Certification Authority, Apple Root CA",4.44.65
Robert Garrett,Slack Helper (Renderer),,,Robert‚Äôs MacBook Pro,Mac,/Users/rg/Library/Caches/com.tinyspeck.slackmacgap.ShipIt/update.YXTiVJf/Slack.app/Contents/Frameworks/Slack Helper (Renderer).app,Identified Developer,,com.tinyspeck.slackmacgap.helper,444000065,"Developer ID Application: SLACK TECHNOLOGIES L.L.C. (BQR82RBBHL), Developer ID Certification Authority, Apple Root CA",4.44.65
Robert Garrett,Slack Helper (Renderer),,,Robert‚Äôs MacBook Pro,Mac,/Users/rg/Library/Caches/com.tinyspeck.slackmacgap.ShipIt/update.ZbdlrI9/Slack.app/Contents/Frameworks/Slack Helper (Renderer).app,Identified Developer,,com.tinyspeck.slackmacgap.helper,444000065,"Developer ID Application: SLACK TECHNOLOGIES L.L.C. (BQR82RBBHL), Developer ID Certification Authority, Apple Root CA",4.44.65
Robert Garrett,Slack Helper (Renderer),,,Robert‚Äôs MacBook Pro,Mac,/Users/rg/Library/Caches/com.tinyspeck.slackmacgap.ShipIt/update.zESGRSi/Slack.app/Contents/Frameworks/Slack Helper (Renderer).app,Identified Developer,,com.tinyspeck.slackmacgap.helper,444000065,"Developer ID Application: SLACK TECHNOLOGIES L.L.C. (BQR82RBBHL), Developer ID Certification Authority, Apple Root CA",4.44.65
Robert Garrett,Slack Helper (Renderer),,,Robert‚Äôs MacBook Pro,Mac,/Users/rg/Library/Caches/com.tinyspeck.slackmacgap.ShipIt/update.zsZosTR/Slack.app/Contents/Frameworks/Slack Helper (Renderer).app,Identified Developer,,com.tinyspeck.slackmacgap.helper,444000065,"Developer ID Application: SLACK TECHNOLOGIES L.L.C. (BQR82RBBHL), Developer ID Certification Authority, Apple Root CA",4.44.65
Robert Garrett,Slack Helper (Renderer),,,Robert‚Äôs MacBook Pro,Mac,/Users/rg/Library/Caches/com.tinyspeck.slackmacgap.ShipIt/update.ZxsEWQP/Slack.app/Contents/Frameworks/Slack Helper (Renderer).app,Identified Developer,,com.tinyspeck.slackmacgap.helper,444000065,"Developer ID Application: SLACK TECHNOLOGIES L.L.C. (BQR82RBBHL), Developer ID Certification Authority, Apple Root CA",4.44.65
Robert Garrett,StandaloneUpdater,,,Robert‚Äôs MacBook Pro,Mac,/Applications/OneDrive.app/Contents/StandaloneUpdater.app,Identified Developer,,com.microsoft.OneDriveStandaloneUpdater,24180.0905.0001,"Developer ID Application: Microsoft Corporation (UBF8T346G9), Developer ID Certification Authority, Apple Root CA",24.180.0905
Robert Garrett,StandaloneUpdater,,,Robert‚Äôs MacBook Pro,Mac,/private/var/root/.Trash/OneDrive.app/Contents/StandaloneUpdater.app,Identified Developer,,com.microsoft.OneDriveStandaloneUpdater,23038.0219.0001,"Developer ID Application: Microsoft Corporation (UBF8T346G9), Developer ID Certification Authority, Apple Root CA",23.038.0219
Robert Garrett,Stickies,,,Robert‚Äôs MacBook Pro,Mac,/System/Applications/Stickies.app,Apple,,com.apple.Stickies,10.3,"Software Signing, Apple Code Signing Certification Authority, Apple Root CA",10.3
Robert Garrett,Stocks,,,Robert‚Äôs MacBook Pro,Mac,/System/Applications/Stocks.app,Apple,,com.apple.stocks,1571,"Software Signing, Apple Code Signing Certification Authority, Apple Root CA",7.3
Robert Garrett,SyncReporter,,,Robert‚Äôs MacBook Pro,Mac,/Applications/OneDrive.app/Contents/SyncReporter.app,Identified Developer,,com.microsoft.SyncReporter,25110.0608.0002,"Developer ID Application: Microsoft Corporation (UBF8T346G9), Developer ID Certification Authority, Apple Root CA",25.110.0608
Robert Garrett,SyncReporter,,,Robert‚Äôs MacBook Pro,Mac,/private/var/root/.Trash/OneDrive.app/Contents/SyncReporter.app,Identified Developer,,com.microsoft.SyncReporter,24086.0428.0003,"Developer ID Application: Microsoft Corporation (UBF8T346G9), Developer ID Certification Authority, Apple Root CA",24.086.0428
Robert Garrett,System Information,,,Robert‚Äôs MacBook Pro,Mac,/System/Applications/Utilities/System Information.app,Apple,,com.apple.SystemProfiler,915,"Software Signing, Apple Code Signing Certification Authority, Apple Root CA",11
Robert Garrett,System Settings,,,Robert‚Äôs MacBook Pro,Mac,/System/Applications/System Settings.app,Apple,,com.apple.systempreferences,15,"Software Signing, Apple Code Signing Certification Authority, Apple Root CA",15
Robert Garrett,Terminal,,,Robert‚Äôs MacBook Pro,Mac,/System/Applications/Utilities/Terminal.app,Apple,,com.apple.Terminal,455.1,"Software Signing, Apple Code Signing Certification Authority, Apple Root CA",2.14
Robert Garrett,TestFlight,,,Robert‚Äôs MacBook Pro,Mac,/Applications/TestFlight.app,Mac App Store,,com.apple.TestFlight,514.2,"Apple Mac OS Application Signing, Apple Worldwide Developer Relations Certification Authority, Apple Root CA",3.9.0
Robert Garrett,TextEdit,,,Robert‚Äôs MacBook Pro,Mac,/System/Applications/TextEdit.app,Apple,,com.apple.TextEdit,409,"Software Signing, Apple Code Signing Certification Authority, Apple Root CA",1.2
Robert Garrett,Time Machine,,,Robert‚Äôs MacBook Pro,Mac,/System/Applications/Time Machine.app,Apple,,com.apple.backup.launcher,61,"Software Signing, Apple Code Signing Certification Authority, Apple Root CA",1.3
Robert Garrett,Tips,,,Robert‚Äôs MacBook Pro,Mac,/System/Applications/Tips.app,Apple,,com.apple.helpviewer,506.4.2,"Software Signing, Apple Code Signing Certification Authority, Apple Root CA",15.5
Robert Garrett,Tunnelblick,,,Robert‚Äôs MacBook Pro,Mac,/Applications/Tunnelblick.app,Identified Developer,,net.tunnelblick.tunnelblick,6300,"Developer ID Application: Jonathan Bullard (Z2SG5H3HC8), Developer ID Certification Authority, Apple Root CA",8.0 (build 6300)
Robert Garrett,Tunnelblick,,,Robert‚Äôs MacBook Pro,Mac,/Library/Application Support/Tunnelblick/Tunnelblick.app,Identified Developer,,net.tunnelblick.tunnelblick,6300,"Developer ID Application: Jonathan Bullard (Z2SG5H3HC8), Developer ID Certification Authority, Apple Root CA",8.0 (build 6300)
Robert Garrett,Tunnelblick Launcher,,,Robert‚Äôs MacBook Pro,Mac,/Applications/Tunnelblick.app/Contents/Library/LoginItems/Tunnelblick Launcher.app,Identified Developer,,net.tunnelblick.launcher,1,"Developer ID Application: Jonathan Bullard (Z2SG5H3HC8), Developer ID Certification Authority, Apple Root CA",1
Robert Garrett,Tunnelblick Launcher,,,Robert‚Äôs MacBook Pro,Mac,/Library/Application Support/Tunnelblick/Tunnelblick.app/Contents/Library/LoginItems/Tunnelblick Launcher.app,Identified Developer,,net.tunnelblick.launcher,1,"Developer ID Application: Jonathan Bullard (Z2SG5H3HC8), Developer ID Certification Authority, Apple Root CA",1
Robert Garrett,TunnelblickUpdater,,,Robert‚Äôs MacBook Pro,Mac,/Applications/Tunnelblick.app/Contents/Frameworks/Sparkle.framework/Versions/A/Resources/TunnelblickUpdater.app,Identified Developer,,org.sparkle-project.Sparkle.TunnelblickUpdater,1.15.0,"Developer ID Application: Jonathan Bullard (Z2SG5H3HC8), Developer ID Certification Authority, Apple Root CA",1.15.0 git-077c644
Robert Garrett,TunnelblickUpdater,,,Robert‚Äôs MacBook Pro,Mac,/Library/Application Support/Tunnelblick/Tunnelblick.app/Contents/Frameworks/Sparkle.framework/Versions/A/Resources/TunnelblickUpdater.app,Identified Developer,,org.sparkle-project.Sparkle.TunnelblickUpdater,1.15.0,"Developer ID Application: Jonathan Bullard (Z2SG5H3HC8), Developer ID Certification Authority, Apple Root CA",1.15.0 git-077c644
Robert Garrett,TV,,,Robert‚Äôs MacBook Pro,Mac,/System/Applications/TV.app,Apple,,com.apple.TV,1.5.5,"Software Signing, Apple Code Signing Certification Authority, Apple Root CA",1.5.5
Robert Garrett,uninstall-postgresql,,,Robert‚Äôs MacBook Pro,Mac,/Library/PostgreSQL/17/uninstall-postgresql.app,,,com.installbuilder.appinstaller.uninstall,17,,17
Robert Garrett,Updated,,,Robert‚Äôs MacBook Pro,Mac,/Users/rg/Library/Caches/Mozilla/updates/Applications/Firefox/updates/0/Updated.app,Identified Developer,,org.mozilla.firefox,14025.7.7,"Developer ID Application: Mozilla Corporation (43AQ936H96), Developer ID Certification Authority, Apple Root CA",140.0.4
Robert Garrett,Updater,,,Robert‚Äôs MacBook Pro,Mac,/Applications/Arc.app/Contents/Frameworks/Sparkle.framework/Updater.app,Identified Developer,,org.sparkle-project.Sparkle.Updater,2044,"Developer ID Application: The Browser Company of New York Inc. (S6N382Y83G), Developer ID Certification Authority, Apple Root CA",2.7.0
Robert Garrett,Updater,,,Robert‚Äôs MacBook Pro,Mac,/Applications/Arc.app/Contents/Frameworks/Sparkle.framework/Versions/B/Updater.app,Identified Developer,,org.sparkle-project.Sparkle.Updater,2044,"Developer ID Application: The Browser Company of New York Inc. (S6N382Y83G), Developer ID Certification Authority, Apple Root CA",2.7.0
Robert Garrett,updater,,,Robert‚Äôs MacBook Pro,Mac,/Applications/Firefox.app/Contents/MacOS/updater.app,Identified Developer,,org.mozilla.updater,1,"Developer ID Application: Mozilla Corporation (43AQ936H96), Developer ID Certification Authority, Apple Root CA",
Robert Garrett,Updater,,,Robert‚Äôs MacBook Pro,Mac,/Applications/OBS.app/Contents/Frameworks/Sparkle.framework/Updater.app,Identified Developer,,org.sparkle-project.Sparkle.Updater,2038,"Developer ID Application: Wizards of OBS LLC (2MMRE5MTB8), Developer ID Certification Authority, Apple Root CA",2.6.2
Robert Garrett,Updater,,,Robert‚Äôs MacBook Pro,Mac,/Applications/OBS.app/Contents/Frameworks/Sparkle.framework/Versions/B/Updater.app,Identified Developer,,org.sparkle-project.Sparkle.Updater,2038,"Developer ID Application: Wizards of OBS LLC (2MMRE5MTB8), Developer ID Certification Authority, Apple Root CA",2.6.2
Robert Garrett,Updater,,,Robert‚Äôs MacBook Pro,Mac,/Applications/PDF Expert.app/Contents/Frameworks/Sparkle.framework/Updater.app,Identified Developer,,org.sparkle-project.Sparkle.Updater,2033,"Developer ID Application: Readdle Technologies Limited (3L68KQB4HG), Developer ID Certification Authority, Apple Root CA",2.5.2
Robert Garrett,Updater,,,Robert‚Äôs MacBook Pro,Mac,/Applications/PDF Expert.app/Contents/Frameworks/Sparkle.framework/Versions/B/Updater.app,Identified Developer,,org.sparkle-project.Sparkle.Updater,2033,"Developer ID Application: Readdle Technologies Limited (3L68KQB4HG), Developer ID Certification Authority, Apple Root CA",2.5.2
Robert Garrett,Updater,,,Robert‚Äôs MacBook Pro,Mac,/Applications/WhatsApp.app/Contents/Frameworks/WAAppKitBridge.framework/Versions/A/PlugIns/MacPlugin.bundle/Contents/Frameworks/Sparkle.framework/Updater.app,Identified Developer,,org.sparkle-project.Sparkle.Updater,2019,"Apple Mac OS Application Signing, Apple Worldwide Developer Relations Certification Authority, Apple Root CA",2.3.0-beta.1
Robert Garrett,Updater,,,Robert‚Äôs MacBook Pro,Mac,/Applications/WhatsApp.app/Contents/Frameworks/WAAppKitBridge.framework/Versions/A/PlugIns/MacPlugin.bundle/Contents/Frameworks/Sparkle.framework/Versions/B/Updater.app,Identified Developer,,org.sparkle-project.Sparkle.Updater,2019,"Apple Mac OS Application Signing, Apple Worldwide Developer Relations Certification Authority, Apple Root CA",2.3.0-beta.1
Robert Garrett,updater,,,Robert‚Äôs MacBook Pro,Mac,/Applications/Zotero.app/Contents/MacOS/updater.app,Identified Developer,,org.mozilla.updater,1,"Developer ID Application: Corporation for Digital Scholarship (8LAYR367YV), Developer ID Certification Authority, Apple Root CA",
Robert Garrett,Updater,,,Robert‚Äôs MacBook Pro,Mac,/opt/homebrew/Caskroom/wireshark-chmodbpf/4.4.3/Wireshark.app/Contents/Frameworks/Sparkle.framework/Updater.app,Identified Developer,,org.sparkle-project.Sparkle.Updater,2017.1,"Developer ID Application: Wireshark Foundation (7Z6EMTD2C6), Developer ID Certification Authority, Apple Root CA",2.2.2
Robert Garrett,Updater,,,Robert‚Äôs MacBook Pro,Mac,/opt/homebrew/Caskroom/wireshark-chmodbpf/4.4.3/Wireshark.app/Contents/Frameworks/Sparkle.framework/Versions/B/Updater.app,Identified Developer,,org.sparkle-project.Sparkle.Updater,2017.1,"Developer ID Application: Wireshark Foundation (7Z6EMTD2C6), Developer ID Certification Authority, Apple Root CA",2.2.2
Robert Garrett,updater,,,Robert‚Äôs MacBook Pro,Mac,/Users/rg/Library/Caches/Mozilla/updates/Applications/Firefox/updates/0/Updated.app/Contents/MacOS/updater.app,Identified Developer,,org.mozilla.updater,1,"Developer ID Application: Mozilla Corporation (43AQ936H96), Developer ID Certification Authority, Apple Root CA",
Robert Garrett,updater,,,Robert‚Äôs MacBook Pro,Mac,/Users/rg/Library/Caches/ms-playwright/firefox-1475/firefox/Nightly.app/Contents/MacOS/updater.app,,,org.mozilla.updater,1,,
Robert Garrett,VirtualBox,,,Robert‚Äôs MacBook Pro,Mac,/Applications/VirtualBox.app,Identified Developer,,org.virtualbox.app.VirtualBox,7.1.6,"Developer ID Application: Oracle America, Inc. (VB5E2TV963), Developer ID Certification Authority, Apple Root CA",7.1.6
Robert Garrett,VirtualBoxVM,,,Robert‚Äôs MacBook Pro,Mac,/Applications/VirtualBox.app/Contents/Resources/VirtualBoxVM.app,Identified Developer,,org.virtualbox.app.VirtualBoxVM,7.1.6,"Developer ID Application: Oracle America, Inc. (VB5E2TV963), Developer ID Certification Authority, Apple Root CA",7.1.6
Robert Garrett,Visual Studio Code,,,Robert‚Äôs MacBook Pro,Mac,/Applications/Visual Studio Code.app,Identified Developer,,com.microsoft.VSCode,1.97.1,"Developer ID Application: Microsoft Corporation (UBF8T346G9), Developer ID Certification Authority, Apple Root CA",1.97.1
Robert Garrett,Visual Studio Code,,,Robert‚Äôs MacBook Pro,Mac,/opt/homebrew/Caskroom/visual-studio-code/1.95.0/Visual Studio Code.app,Identified Developer,,com.microsoft.VSCode,1.97.1,"Developer ID Application: Microsoft Corporation (UBF8T346G9), Developer ID Certification Authority, Apple Root CA",1.97.1
Robert Garrett,vmstarter,,,Robert‚Äôs MacBook Pro,Mac,/Applications/VirtualBox.app/Contents/Resources/vmstarter.app,,,org.virtualbox.app.vmstarter,7.1.6,,7.1.6
Robert Garrett,VNC Viewer,,,Robert‚Äôs MacBook Pro,Mac,/Applications/VNC Viewer.app,Identified Developer,,com.realvnc.vncviewer,7.12.1.21,"Developer ID Application: RealVNC Limited (ZNCQ8JEH7X), Developer ID Certification Authority, Apple Root CA",7.12.1
Robert Garrett,VoiceMemos,,,Robert‚Äôs MacBook Pro,Mac,/System/Applications/VoiceMemos.app,Apple,,com.apple.VoiceMemos,1274,"Software Signing, Apple Code Signing Certification Authority, Apple Root CA",3.1
Robert Garrett,VoiceOver Utility,,,Robert‚Äôs MacBook Pro,Mac,/System/Applications/Utilities/VoiceOver Utility.app,Apple,,com.apple.VoiceOverUtility,964.12.11,"Software Signing, Apple Code Signing Certification Authority, Apple Root CA",10
Robert Garrett,VoiceOverUtilityCacheBuilder,,,Robert‚Äôs MacBook Pro,Mac,/System/Applications/Utilities/VoiceOver Utility.app/Contents/OtherBinaries/VoiceOverUtilityCacheBuilder.app,Apple,,com.apple.VoiceOverUtilityCacheBuilder,964.12.11,"Software Signing, Apple Code Signing Certification Authority, Apple Root CA",10
Robert Garrett,Weather,,,Robert‚Äôs MacBook Pro,Mac,/System/Applications/Weather.app,Apple,,com.apple.weather,881,"Software Signing, Apple Code Signing Certification Authority, Apple Root CA",5.1
Robert Garrett,WeatherMenu,,,Robert‚Äôs MacBook Pro,Mac,/System/Applications/Weather.app/Contents/Library/LoginItems/WeatherMenu.app,Apple,,com.apple.weather.menu,1,"Software Signing, Apple Code Signing Certification Authority, Apple Root CA",1
Robert Garrett,WhatsApp,,,Robert‚Äôs MacBook Pro,Mac,/Applications/WhatsApp.app,Mac App Store,,net.whatsapp.WhatsApp,751639857,"Apple Mac OS Application Signing, Apple Worldwide Developer Relations Certification Authority, Apple Root CA",25.18.85
Robert Garrett,Windows App,,,Robert‚Äôs MacBook Pro,Mac,/Applications/Windows App.app,Mac App Store,,com.microsoft.rdc.macos,2585,"Apple Mac OS Application Signing, Apple Worldwide Developer Relations Certification Authority, Apple Root CA",11.1.5
Robert Garrett,WireGuard,,,Robert‚Äôs MacBook Pro,Mac,/Applications/WireGuard.app,Apple Business Manager,,com.wireguard.macos,27,"Apple Mac OS Application Signing, Apple Worldwide Developer Relations Certification Authority, Apple Root CA",1.0.16
Robert Garrett,WireGuardLoginItemHelper,,,Robert‚Äôs MacBook Pro,Mac,/Applications/WireGuard.app/Contents/Library/LoginItems/WireGuardLoginItemHelper.app,Identified Developer,,com.wireguard.macos.login-item-helper,27,"Apple Mac OS Application Signing, Apple Worldwide Developer Relations Certification Authority, Apple Root CA",1.0.16
Robert Garrett,Wireshark,,,Robert‚Äôs MacBook Pro,Mac,/opt/homebrew/Caskroom/wireshark-chmodbpf/4.4.3/Wireshark.app,Identified Developer,,org.wireshark.Wireshark,4.4.3,"Developer ID Application: Wireshark Foundation (7Z6EMTD2C6), Developer ID Certification Authority, Apple Root CA",4.4.3
Robert Garrett,Xcode,,,Robert‚Äôs MacBook Pro,Mac,/Applications/Xcode.app,Mac App Store,,com.apple.dt.Xcode,23792,"Apple Mac OS Application Signing, Apple Worldwide Developer Relations Certification Authority, Apple Root CA",16.4
Robert Garrett,Xcode Helper,,,Robert‚Äôs MacBook Pro,Mac,/Applications/Xcode.app/Contents/Developer/Platforms/MacOSX.platform/Developer/Library/Xcode/Agents/Xcode Helper.app,Apple,,com.apple.dt.Xcode-Helper,23796,"Software Signing, Apple Code Signing Certification Authority, Apple Root CA",16
Robert Garrett,XCPreviewAgent,,,Robert‚Äôs MacBook Pro,Mac,/Applications/Xcode.app/Contents/Developer/Platforms/MacOSX.platform/Developer/iOSSupport/Library/Xcode/Agents/XCPreviewAgent.app,Apple,,previews.com.apple.PreviewAgent.Catalyst,22.40.7,"Software Signing, Apple Code Signing Certification Authority, Apple Root CA",16
Robert Garrett,XCPreviewAgent,,,Robert‚Äôs MacBook Pro,Mac,/Applications/Xcode.app/Contents/Developer/Platforms/MacOSX.platform/Developer/Library/Xcode/Agents/XCPreviewAgent.app,Apple,,previews.com.apple.PreviewAgent.macOS,22.40.7,"Software Signing, Apple Code Signing Certification Authority, Apple Root CA",16
Robert Garrett,XCTRunner,,,Robert‚Äôs MacBook Pro,Mac,/Applications/Xcode.app/Contents/Developer/Platforms/MacOSX.platform/Developer/Library/Xcode/Agents/XCTRunner.app,,,$(WRAPPEDPRODUCTBUNDLEIDENTIFIER),1,,1
Robert Garrett,XProtect,,,Robert‚Äôs MacBook Pro,Mac,/Library/Apple/System/Library/CoreServices/XProtect.app,Apple,,com.apple.XProtectFramework.XProtect,1,"Software Signing, Apple Code Signing Certification Authority, Apple Root CA",152
Robert Garrett,XProtect,,,Robert‚Äôs MacBook Pro,Mac,/private/var/db/SystemPolicyConfiguration/XProtect.app,Apple,,com.apple.XProtectFramework.XProtect,1,"Software Signing, Apple Code Signing Certification Authority, Apple Root CA",152
Robert Garrett,Zotero,,,Robert‚Äôs MacBook Pro,Mac,/Applications/Zotero.app,Identified Developer,,org.zotero.zotero,7.0.9,"Developer ID Application: Corporation for Digital Scholarship (8LAYR367YV), Developer ID Certification Authority, Apple Root CA",7.0.9
Robert Garrett,Zotero,,,Robert‚Äôs MacBook Pro,Mac,/opt/homebrew/Caskroom/zotero/7.0.9/Zotero.app,Identified Developer,,org.zotero.zotero,7.0.9,"Developer ID Application: Corporation for Digital Scholarship (8LAYR367YV), Developer ID Certification Authority, Apple Root CA",7.0.9
